Workbook

Sheet Tabellen Boxplots
D1: =SUBTOTAL(2,D4:D20) -> 13 | E1: =SUBTOTAL(2,E4:E20) -> 11 | F1: =SUBTOTAL(2,F4:F20) -> 14 | G1: =SUBTOTAL(2,G4:G20) -> 15 | H1: =SUBTOTAL(2,H4:H20) -> 17 | I1: =SUM(D1:H1) -> 70
D2: 18-20 | E2: 20-21 | F2: 21-22 | G2: 22-24 | H2: 24-30 | K2: 18-20 | L2: 20-21 | M2: 21-22 | N2: 22-24 | O2: 24-30
A4: 19 | B4: 160 | D4: =B4 -> 160 | E4: =B17 -> 160 | F4: =B28 -> 160 | G4: =B42 -> 155 | H4: =B57 -> 170 | J4: Min | K4: =QUARTILE($B$4:$B$16,0) -> 160 | L4: =QUARTILE($B$17:$B$27,0) -> 160 | M4: =QUARTILE($B$28:$B$41,0) -> 160 | N4: =QUARTILE($B$42:$B$56,0) -> 155 | O4: =QUARTILE($B$57:$B$73,0) -> 164
A5: 19 | B5: 168 | D5: =B5 -> 168 | E5: =B18 -> 163 | F5: =B29 -> 161 | G5: =B43 -> 160 | H5: =B58 -> 172 | J5: 0.25 | K5: =QUARTILE($B$4:$B$16,1) -> 168 | L5: =QUARTILE($B$4:$B$16,1) -> 168 | M5: =QUARTILE($B$28:$B$41,1) -> 166.25 | N5: =QUARTILE($B$42:$B$56,1) -> 170 | O5: =QUARTILE($B$57:$B$73,1) -> 175
A6: 19 | B6: 182 | D6: =B6 -> 182 | E6: =B19 -> 165 | F6: =B30 -> 165 | G6: =B44 -> 170 | H6: =B59 -> 176 | J6: 0.5 | K6: =QUARTILE($B$4:$B$16,2) -> 180 | L6: =QUARTILE($B$17:$B$27,2) -> 176 | M6: =QUARTILE($B$28:$B$41,2) -> 172 | N6: =QUARTILE($B$42:$B$56,2) -> 176 | O6: =QUARTILE($B$57:$B$73,2) -> 180
A7: 20 | B7: 163 | D7: =B7 -> 163 | E7: =B20 -> 173 | F7: =B31 -> 165 | G7: =B45 -> 176 | H7: =B60 -> 176 | J7: 0.75 | K7: =QUARTILE($B$4:$B$16,3) -> 183 | L7: =QUARTILE($B$17:$B$27,3) -> 181 | M7: =QUARTILE($B$28:$B$41,3) -> 183 | N7: =QUARTILE($B$42:$B$56,3) -> 182.5 | O7: =QUARTILE($B$57:$B$73,3) -> 185
A8: 20 | B8: 163 | D8: =B8 -> 163 | E8: =B21 -> 174 | F8: =B32 -> 170 | G8: =B46 -> 176 | H8: =B61 -> 178 | J8: Max | K8: =QUARTILE($B$4:$B$16,4) -> 195 | L8: =QUARTILE($B$17:$B$27,4) -> 185 | M8: =QUARTILE($B$28:$B$41,4) -> 188 | N8: =QUARTILE($B$42:$B$56,4) -> 193 | O8: =QUARTILE($B$57:$B$73,4) -> 193
A9: 20 | B9: 170 | D9: =B9 -> 170 | E9: =B22 -> 176 | F9: =B33 -> 170 | G9: =B47 -> 178 | H9: =B62 -> 180
A10: 20 | B10: 174 | D10: =B10 -> 174 | E10: =B23 -> 176 | F10: =B34 -> 170 | G10: =B48 -> 185 | H10: =B63 -> 183
A11: 20 | B11: 180 | D11: =B11 -> 180 | E11: =B24 -> 178 | F11: =B35 -> 174 | G11: =B49 -> 189 | H11: =B64 -> 187 | J11: unterer Fehlerindikator | K11: =K5-K4 -> 8 | L11: =L5-L4 -> 8 | M11: =M5-M4 -> 6.25 | N11: =N5-N4 -> 15 | O11: =O5-O4 -> 11
A12: 20 | B12: 182 | D12: =B12 -> 182 | E12: =B25 -> 184 | F12: =B36 -> 180 | G12: =B50 -> 193 | H12: =B65 -> 164 | J12: 0.25 | K12: =K5 -> 168 | L12: =L5 -> 168 | M12: =M5 -> 166.25 | N12: =N5 -> 170 | O12: =O5 -> 175
A13: 20 | B13: 183 | D13: =B13 -> 183 | E13: =B26 -> 185 | F13: =B37 -> 180 | G13: =B51 -> 160 | H13: =B66 -> 175 | J13: 0.5 | K13: =K6-K5 -> 12 | L13: =L6-L5 -> 8 | M13: =M6-M5 -> 5.75 | N13: =N6-N5 -> 6 | O13: =O6-O5 -> 5
A14: 20 | B14: 183 | D14: =B14 -> 183 | E14: =B27 -> 185 | F14: =B38 -> 184 | G14: =B52 -> 170 | H14: =B67 -> 182 | J14: 0.75 | K14: =K7-K6 -> 3 | L14: =L7-L6 -> 5 | M14: =M7-M6 -> 11 | N14: =N7-N6 -> 6.5 | O14: =O7-O6 -> 5
A15: 20 | B15: 185 | D15: =B15 -> 185 | F15: =B39 -> 185 | G15: =B53 -> 171 | H15: =B68 -> 184 | J15: oberer Fehlerindikator | K15: =K8-K7 -> 12 | L15: =L8-L7 -> 4 | M15: =M8-M7 -> 5 | N15: =N8-N7 -> 10.5 | O15: =O8-O7 -> 8
A16: 20 | B16: 195 | D16: =B16 -> 195 | F16: =B40 -> 187 | G16: =B54 -> 182 | H16: =B69 -> 185
A17: 21 | B17: 160 | F17: =B41 -> 188 | G17: =B55 -> 182 | H17: =B70 -> 185
A18: 21 | B18: 163 | G18: =B56 -> 183 | H18: =B71 -> 193
A19: 21 | B19: 165 | H19: =B72 -> 169
A20: 21 | B20: 173 | H20: =B73 -> 190
A21: 21 | B21: 174
A22: 21 | B22: 176 | D22: 18-20 | E22: 20-21 | F22: 21-22 | G22: 22-24 | H22: 24-30
A23: 21 | B23: 176 | C23: Min | D23: =QUARTILE($B$4:$B$16,0) -> 160 | E23: =QUARTILE($B$17:$B$27,0) -> 160 | F23: =QUARTILE($B$28:$B$41,0) -> 160 | G23: =QUARTILE($B$42:$B$56,0) -> 155 | H23: =QUARTILE($B$57:$B$73,0) -> 164
A24: 21 | B24: 178 | C24: 0.25 | D24: =QUARTILE($B$4:$B$16,1) -> 168 | E24: =QUARTILE($B$4:$B$16,1) -> 168 | F24: =QUARTILE($B$28:$B$41,1) -> 166.25 | G24: =QUARTILE($B$42:$B$56,1) -> 170 | H24: =QUARTILE($B$57:$B$73,1) -> 175
A25: 21 | B25: 184 | C25: 0.5 | D25: =QUARTILE($B$4:$B$16,2) -> 180 | E25: =QUARTILE($B$17:$B$27,2) -> 176 | F25: =QUARTILE($B$28:$B$41,2) -> 172 | G25: =QUARTILE($B$42:$B$56,2) -> 176 | H25: =QUARTILE($B$57:$B$73,2) -> 180
A26: 21 | B26: 185 | C26: 0.75 | D26: =QUARTILE($B$4:$B$16,3) -> 183 | E26: =QUARTILE($B$17:$B$27,3) -> 181 | F26: =QUARTILE($B$28:$B$41,3) -> 183 | G26: =QUARTILE($B$42:$B$56,3) -> 182.5 | H26: =QUARTILE($B$57:$B$73,3) -> 185
A27: 21 | B27: 185 | C27: Max | D27: =QUARTILE($B$4:$B$16,4) -> 195 | E27: =QUARTILE($B$17:$B$27,4) -> 185 | F27: =QUARTILE($B$28:$B$41,4) -> 188 | G27: =QUARTILE($B$42:$B$56,4) -> 193 | H27: =QUARTILE($B$57:$B$73,4) -> 193
A28: 22 | B28: 160
A29: 22 | B29: 161
A30: 22 | B30: 165
A31: 22 | B31: 165
A32: 22 | B32: 170
A33: 22 | B33: 170
A34: 22 | B34: 170
A35: 22 | B35: 174
A36: 22 | B36: 180
A37: 22 | B37: 180
A38: 22 | B38: 184
A39: 22 | B39: 185
... A73: 28 | B73: 190

Sheet Blasendiagramm
A3: Berufsausb. | B3: bi | C3: n | D3: n | E3: n | F3: n | G3: n | H3: j | I3: n | J3: n | K3: n | L3: n | M3: n | N3: j | O3: n | P3: n | Q3: n | R3: n | S3: n | T3: n | U3: n | V3: n | W3: n | X3: n | Y3: n | Z3: n | AA3: n | AB3: j | AC3: n | AD3: j | AE3: j | AF3: j | AG3: n | AH3: n | AI3: n | AJ3: j | AK3: n | AL3: n | AM3: n | AN3: n | AO3: j | AP3: n | AQ3: j | AR3: j | AS3: n | AT3: j | AU3: n | AV3: n | AW3: n | AX3: n | AY3: n | AZ3: n | BA3: n | BB3: j | BC3: n | BD3: j | BE3: n | BF3: n | BG3: n | BH3: j | BI3: n | BJ3: n | BK3: j | BL3: n | BM3: j | BN3: n | BO3: n | BP3: n | BQ3: j | BR3: n | BS3: n | BT3: n
A4: Geschlecht | B4: gi | C4: m | D4: m | E4: m | F4: m | G4: m | H4: m | I4: w | J4: w | K4: w | L4: w | M4: w | N4: m | O4: m | P4: w | Q4: w | R4: m | S4: m | T4: m | U4: w | V4: m | W4: m | X4: m | Y4: m | Z4: m | AA4: m | AB4: m | AC4: m | AD4: w | AE4: m | AF4: m | AG4: m | AH4: m | AI4: m | AJ4: w | AK4: w | AL4: w | AM4: w | AN4: w | AO4: m | AP4: m | AQ4: m | AR4: m | AS4: m | AT4: m | AU4: m | AV4: m | AW4: m | AX4: m | AY4: w | AZ4: m | BA4: w | BB4: m | BC4: m | BD4: w | BE4: w | BF4: m | BG4: m | BH4: m | BI4: m | BJ4: m | BK4: w | BL4: m | BM4: m | BN4: m | BO4: m | BP4: w | BQ4: w | BR4: m | BS4: w | BT4: w
C6: =IF(C3="n",TRUE,FALSE) -> TRUE | D6: =IF(D3="n",TRUE,FALSE) -> TRUE | E6: =IF(E3="n",TRUE,FALSE) -> TRUE | F6: =IF(F3="n",TRUE,FALSE) -> TRUE | G6: =IF(G3="n",TRUE,FALSE) -> TRUE | H6: =IF(H3="n",TRUE,FALSE) -> FALSE | I6: =IF(I3="n",TRUE,FALSE) -> TRUE | J6: =IF(J3="n",TRUE,FALSE) -> TRUE | ... BT6: =IF(BT3="n",TRUE,FALSE) -> TRUE
C7: =IF(C4="m",TRUE,FALSE) -> TRUE | D7: =IF(D4="m",TRUE,FALSE) -> TRUE | E7: =IF(E4="m",TRUE,FALSE) -> TRUE | F7: =IF(F4="m",TRUE,FALSE) -> TRUE | G7: =IF(G4="m",TRUE,FALSE) -> TRUE | H7: =IF(H4="m",TRUE,FALSE) -> TRUE | I7: =IF(I4="m",TRUE,FALSE) -> FALSE | J7: =IF(J4="m",TRUE,FALSE) -> FALSE | ... BT7: =IF(BT4="m",TRUE,FALSE) -> FALSE
B9: =SUM(C9:BT9) -> 35 | C9: =IF(AND(C6,C7),1,0) -> 1 | D9: =IF(AND(D6,D7),1,0) -> 1 | E9: =IF(AND(E6,E7),1,0) -> 1 | F9: =IF(AND(F6,F7),1,0) -> 1 | G9: =IF(AND(G6,G7),1,0) -> 1 | H9: =IF(AND(H6,H7),1,0) -> 0 | I9: =IF(AND(I6,I7),1,0) -> 0 | J9: =IF(AND(J6,J7),1,0) -> 0 | ... BT9: =IF(AND(BT6,BT7),1,0) -> 0
B10: =SUM(C10:BT10) -> 12 | C10: =IF(AND(NOT(C6),C7),1,0) -> 0 | D10: =IF(AND(NOT(D6),D7),1,0) -> 0 | E10: =IF(AND(NOT(E6),E7),1,0) -> 0 | F10: =IF(AND(NOT(F6),F7),1,0) -> 0 | G10: =IF(AND(NOT(G6),G7),1,0) -> 0 | H10: =IF(AND(NOT(H6),H7),1,0) -> 1 | I10: =IF(AND(NOT(I6),I7),1,0) -> 0 | J10: =IF(AND(NOT(J6),J7),1,0) -> 0 | ... BT10: =IF(AND(NOT(BT6),BT7),1,0) -> 0
B11: =SUM(C11:BT11) -> 18 | C11: =IF(AND(C6,NOT(C7)),1,0) -> 0 | D11: =IF(AND(D6,NOT(D7)),1,0) -> 0 | E11: =IF(AND(E6,NOT(E7)),1,0) -> 0 | F11: =IF(AND(F6,NOT(F7)),1,0) -> 0 | G11: =IF(AND(G6,NOT(G7)),1,0) -> 0 | H11: =IF(AND(H6,NOT(H7)),1,0) -> 0 | I11: =IF(AND(I6,NOT(I7)),1,0) -> 1 | J11: =IF(AND(J6,NOT(J7)),1,0) -> 1 | ... BT11: =IF(AND(BT6,NOT(BT7)),1,0) -> 1
B12: =SUM(C12:BT12) -> 5 | C12: =IF(AND(NOT(C6),NOT(C7)),1,0) -> 0 | D12: =IF(AND(NOT(D6),NOT(D7)),1,0) -> 0 | E12: =IF(AND(NOT(E6),NOT(E7)),1,0) -> 0 | F12: =IF(AND(NOT(F6),NOT(F7)),1,0) -> 0 | G12: =IF(AND(NOT(G6),NOT(G7)),1,0) -> 0 | H12: =IF(AND(NOT(H6),NOT(H7)),1,0) -> 0 | I12: =IF(AND(NOT(I6),NOT(I7)),1,0) -> 0 | J12: =IF(AND(NOT(J6),NOT(J7)),1,0) -> 0 | ... BT12: =IF(AND(NOT(BT6),NOT(BT7)),1,0) -> 0
B14: =SUM(B9:B12) -> 70
C20: b | D20: g | E20: n
C21: j | D21: m | E21: 12
C22: j | D22: w | E22: 5 | I22: =0.5 -> 0.5
C23: n | D23: m | E23: 35
C24: n | D24: w | E24: 18

Sheet Urlisten sortiert Größe
C2: Grundgesamtheit:
C3: zeitlich: | H3: WS 1718, 4.10.2017, Züge a & b
C4: räumlich: | H4: KL, Schoenstrasse, Hörsaal H4
C5: sachlich: | H5: Alle Hörer der LV "Statistik"
C7: Merkmalsausprägung: | H7: Alter [Jahre] | N7: Min | O7: =MIN(C15:CF15) -> 19 | Q7: Max | R7: =MAX(C15:CF15) -> 28
H8: Körperlänge [cm] | N8: Min | O8: =MIN(C16:CF16) -> 155 | Q8: Max | R8: =MAX(C16:CF16) -> 195 | Y8: =COUNTIF(BM18:BT18,"w") -> 0
H9: Berufausbildung [j/n]
H10: Geschlecht [m/w]
C12: Urliste | F12: =COUNT(C15:CF15) -> 70 | G12: Elemente
C13: Zug a | AR13: Zug b
A14: Element# | B14: wi | C14: 1 | D14: 2 | E14: 3 | F14: 4 | G14: 5 | H14: 6 | I14: 7 | J14: 8 | K14: 9 | L14: 10 | M14: 11 | N14: 12 | O14: 13 | P14: 14 | Q14: 15 | R14: 16 | S14: 17 | T14: 18 | U14: 19 | V14: 20 | W14: 21 | X14: 22 | Y14: 23 | Z14: 24 | AA14: 25 | AB14: 26 | AC14: 27 | AD14: 28 | AE14: 29 | AF14: 30 | AG14: 31 | AH14: 32 | AI14: 33 | AJ14: 34 | AK14: 35 | AL14: 36 | AM14: 37 | AN14: 38 | AO14: 39 | AP14: 40 | AQ14: 41 | AR14: 42 | AS14: 43 | AT14: 44 | AU14: 45 | AV14: 46 | AW14: 47 | AX14: 48 | AY14: 49 | AZ14: 50 | BA14: 51 | BB14: 52 | BC14: 53 | BD14: 54 | BE14: 55 | BF14: 56 | BG14: 57 | BH14: 58 | BI14: 59 | BJ14: 60 | BK14: 61 | BL14: 62 | BM14: 63 | BN14: 64 | BO14: 65 | BP14: 66 | BQ14: 67 | BR14: 68 | BS14: 69 | BT14: 70 | BU14: 71 | BV14: 72 | BW14: 73 | BX14: 74 | BY14: 75 | BZ14: 76 | CA14: 77 | CB14: 78 | CC14: 79 | CD14: 80 | CE14: 81 | CF14: 82 | CG14: 83 | CH14: 84 | CI14: 85 | CJ14: 86 | CK14: 87 | CL14: 88 | CM14: 89 | CN14: 90 | CO14: 91 | CP14: 92 | CQ14: 93 | CR14: 94 | CS14: 95 | CT14: 96 | CU14: 97 | CV14: 98 | CW14: 99 | CX14: 100 | CY14: 101 | CZ14: 102 | DA14: 103 | DB14: 104 | DC14: 105 | DD14: 106 | DE14: 107 | DF14: 108 | DG14: 109 | DH14: 110 | DI14: 111 | DJ14: 112 | DK14: 113 | DL14: 114 | DM14: 115 | DN14: 116 | DO14: 117 | DP14: 118 | DQ14: 119 | DR14: 120 | DS14: 121 | DT14: 122 | DU14: 123 | DV14: 124 | DW14: 125 | DX14: 126 | DY14: 127 | DZ14: 128 | EA14: 129 | EB14: 130 | EC14: 131 | ED14: 132 | EE14: 133 | EF14: 134 | EG14: 135 | EH14: 136 | EI14: 137 | EJ14: 138 | EK14: 139 | EL14: 140
A15: Alter | B15: xi | C15: 23 | D15: 19 | E15: 21 | F15: 22 | G15: 23 | H15: 24 | I15: 22 | J15: 20 | K15: 20 | L15: 21 | M15: 26 | N15: 21 | O15: 22 | P15: 22 | Q15: 19 | R15: 28 | S15: 20 | T15: 22 | U15: 22 | V15: 22 | W15: 23 | X15: 24 | Y15: 25 | Z15: 24 | AA15: 25 | AB15: 21 | AC15: 20 | AD15: 21 | AE15: 22 | AF15: 26 | AG15: 21 | AH15: 21 | AI15: 23 | AJ15: 23 | AK15: 25 | AL15: 25 | AM15: 21 | AN15: 23 | AO15: 25 | AP15: 20 | AQ15: 22 | AR15: 22 | AS15: 25 | AT15: 19 | AU15: 20 | AV15: 24 | AW15: 24 | AX15: 26 | AY15: 20 | AZ15: 20 | BA15: 24 | BB15: 25 | BC15: 21 | BD15: 22 | BE15: 26 | BF15: 20 | BG15: 21 | BH15: 21 | BI15: 22 | BJ15: 23 | BK15: 26 | BL15: 26 | BM15: 22 | BN15: 25 | BO15: 22 | BP15: 23 | BQ15: 28 | BR15: 23 | BS15: 27 | BT15: 20
A16: Köperlänge | B16: yi | C16: 155 | D16: 160 | E16: 160 | F16: 160 | G16: 160 | H16: 160 | I16: 161 | J16: 163 | K16: 163 | L16: 163 | M16: 164 | N16: 165 | O16: 165 | P16: 165 | Q16: 168 | R16: 169 | S16: 170 | T16: 170 | U16: 170 | V16: 170 | W16: 170 | X16: 170 | Y16: 170 | Z16: 171 | AA16: 172 | AB16: 173 | AC16: 174 | AD16: 174 | AE16: 174 | AF16: 175 | AG16: 176 | AH16: 176 | AI16: 176 | AJ16: 176 | AK16: 176 | AL16: 176 | AM16: 178 | AN16: 178 | AO16: 178 | AP16: 180 | AQ16: 180 | AR16: 180 | AS16: 180 | AT16: 182 | AU16: 182 | AV16: 182 | AW16: 182 | AX16: 182 | AY16: 183 | AZ16: 183 | BA16: 183 | BB16: 183 | BC16: 184 | BD16: 184 | BE16: 184 | BF16: 185 | BG16: 185 | BH16: 185 | BI16: 185 | BJ16: 185 | BK16: 185 | BL16: 185 | BM16: 187 | BN16: 187 | BO16: 188 | BP16: 189 | BQ16: 190 | BR16: 193 | BS16: 193 | BT16: 195
A17: Berufsausb. | B17: bi | C17: j | D17: n | E17: n | F17: n | G17: n | H17: n | I17: n | J17: n | K17: n | L17: n | M17: j | N17: n | O17: n | P17: n | Q17: n | R17: j | S17: n | T17: n | U17: n | V17: n | W17: n | X17: n | Y17: n | Z17: n | AA17: j | AB17: n | AC17: n | AD17: n | AE17: n | AF17: j | AG17: n | AH17: n | AI17: j | AJ17: j | AK17: j | AL17: j | AM17: n | AN17: n | AO17: n | AP17: n | AQ17: n | AR17: n | AS17: n | AT17: n | AU17: n | AV17: n | AW17: n | AX17: j | AY17: n | AZ17: n | BA17: n | BB17: j | BC17: n | BD17: n | BE17: j | BF17: n | BG17: n | BH17: n | BI17: n | BJ17: n | BK17: j | BL17: n | BM17: n | BN17: j | BO17: n | BP17: j | BQ17: j | BR17: n | BS17: j | BT17: n
A18: Geschlecht | B18: gi | C18: w | D18: w | E18: w | F18: w | G18: w | H18: w | I18: w | J18: w | K18: w | L18: w | M18: m | N18: m | O18: w | P18: w | Q18: w | R18: w | S18: w | T18: m | U18: w | V18: m | W18: m | X18: m | Y18: m | Z18: m | AA18: w | AB18: w | AC18: w | AD18: w | AE18: m | AF18: m | AG18: m | AH18: m | AI18: m | AJ18: m | AK18: w | AL18: w | AM18: m | AN18: m | AO18: m | AP18: m | AQ18: m | AR18: m | AS18: m | AT18: w | AU18: m | AV18: m | AW18: m | AX18: m | AY18: m | AZ18: m | BA18: m | BB18: m | BC18: m | BD18: m | BE18: m | BF18: m | BG18: m | BH18: m | BI18: m | BJ18: m | BK18: m | BL18: m | BM18: m | BN18: m | BO18: m | BP18: m | BQ18: m | BR18: m | BS18: m | BT18: m
C20: Zug b
C21: 42 | D21: 43 | E21: 44 | F21: 45 | G21: 46 | H21: 47 | I21: 48 | J21: 49 | K21: 50 | L21: 51 | M21: 52 | N21: 53 | O21: 54 | P21: 55 | Q21: 56 | R21: 57 | S21: 58 | T21: 59 | U21: 60 | V21: 61 | W21: 62 | X21: 63 | Y21: 64 | Z21: 65 | AA21: 66 | AB21: 67 | AC21: 68 | AD21: 69 | AE21: 70
C22: 22 | D22: 25 | E22: 19 | F22: 20 | G22: 24 | H22: 24 | I22: 26 | J22: 20 | K22: 20 | L22: 24 | M22: 25 | N22: 21 | O22: 22 | P22: 26 | Q22: 20 | R22: 21 | S22: 21 | T22: 22 | U22: 23 | V22: 26 | W22: 26 | X22: 22 | Y22: 25 | Z22: 22 | AA22: 23 | AB22: 28 | AC22: 23 | AD22: 27 | AE22: 20
C23: 180 | D23: 180 | E23: 182 | F23: 182 | G23: 182 | H23: 182 | I23: 182 | J23: 183 | K23: 183 | L23: 183 | M23: 183 | N23: 184 | O23: 184 | P23: 184 | Q23: 185 | R23: 185 | S23: 185 | T23: 185 | U23: 185 | V23: 185 | W23: 185 | X23: 187 | Y23: 187 | Z23: 188 | AA23: 189 | AB23: 190 | AC23: 193 | AD23: 193 | AE23: 195
C24: n | D24: n | E24: n | F24: n | G24: n | H24: n | I24: j | J24: n | K24: n | L24: n | M24: j | N24: n | O24: n | P24: j | Q24: n | R24: n | S24: n | T24: n | U24: n | V24: j | W24: n | X24: n | Y24: j | Z24: n | AA24: j | AB24: j | AC24: n | AD24: j | AE24: n
C25: m | D25: m | E25: w | F25: m | G25: m | H25: m | I25: m | J25: m | K25: m | L25: m | M25: m | N25: m | O25: m | P25: m | Q25: m | R25: m | S25: m | T25: m | U25: m | V25: m | W25: m | X25: m | Y25: m | Z25: m | AA25: m | AB25: m | AC25: m | AD25: m | AE25: m
C27: Urlisten, nach Zügen getrennt:
C29: Urliste Zug a | F29: =COUNT(C31:BT31) -> 41 | G29: Elemente
A30: Element# | B30: wi | C30: 1 | D30: 2 | E30: 3 | F30: 4 | G30: 5 | H30: 6 | I30: 7 | J30: 8 | K30: 9 | L30: 10 | M30: 11 | N30: 12 | O30: 13 | P30: 14 | Q30: 15 | R30: 16 | S30: 17 | T30: 18 | U30: 19 | V30: 20 | W30: 21 | X30: 22 | Y30: 23 | Z30: 24 | AA30: 25 | AB30: 26 | AC30: 27 | AD30: 28 | AE30: 29 | AF30: 30 | AG30: 31 | AH30: 32 | AI30: 33 | AJ30: 34 | AK30: 35 | AL30: 36 | AM30: 37 | AN30: 38 | AO30: 39 | AP30: 40 | AQ30: 41 | AR30: 42 | AS30: 43 | AT30: 44 | AU30: 45 | AV30: 46 | AW30: 47 | AX30: 48 | AY30: 49 | AZ30: 50 | BA30: 51 | BB30: 52 | BC30: 53 | BD30: 54 | BE30: 55 | BF30: 56 | BG30: 57 | BH30: 58 | BI30: 59 | BJ30: 60 | BK30: 61 | BL30: 62 | BM30: 63 | BN30: 64 | BO30: 65 | BP30: 66 | BQ30: 67 | BR30: 68 | BS30: 69 | BT30: 70
A31: Alter | B31: xi | C31: 19 | D31: 21 | E31: 24 | F31: 22 | G31: 20 | H31: 20 | I31: 21 | J31: 26 | K31: 21 | L31: 19 | M31: 28 | N31: 20 | O31: 22 | P31: 22 | Q31: 23 | R31: 24 | S31: 24 | T31: 25 | U31: 21 | V31: 20 | W31: 22 | X31: 21 | Y31: 21 | Z31: 20 | AA31: 22 | AB31: 22 | AC31: 20 | AD31: 24 | AE31: 26 | AF31: 24 | AG31: 25 | AH31: 21 | AI31: 21 | AJ31: 21 | AK31: 22 | AL31: 22 | AM31: 25 | AN31: 23 | AO31: 28 | AP31: 23 | AQ31: 27
A32: Köperlänge | B32: yi | C32: 160 | D32: 160 | E32: 160 | F32: 161 | G32: 163 | H32: 163 | I32: 163 | J32: 164 | K32: 165 | L32: 168 | M32: 169 | N32: 170 | O32: 170 | P32: 170 | Q32: 170 | R32: 170 | S32: 171 | T32: 172 | U32: 173 | V32: 174 | W32: 174 | X32: 176 | Y32: 178 | Z32: 180 | AA32: 180 | AB32: 180 | AC32: 182 | AD32: 182 | AE32: 182 | AF32: 183 | AG32: 183 | AH32: 184 | AI32: 185 | AJ32: 185 | AK32: 185 | AL32: 187 | AM32: 187 | AN32: 189 | AO32: 190 | AP32: 193 | AQ32: 193
A33: Berufsausb. | B33: bi | C33: n | D33: n | E33: n | F33: n | G33: n | H33: n | I33: n | J33: j | K33: n | L33: n | M33: j | N33: n | O33: n | P33: n | Q33: n | R33: n | S33: n | T33: j | U33: n | V33: n | W33: n | X33: n | Y33: n | Z33: n | AA33: n | AB33: n | AC33: n | AD33: n | AE33: j | AF33: n | AG33: j | AH33: n | AI33: n | AJ33: n | AK33: n | AL33: n | AM33: j | AN33: j | AO33: j | AP33: n | AQ33: j
A34: Geschlecht | B34: gi | C34: w | D34: w | E34: w | F34: w | G34: w | H34: w | I34: w | J34: m | K34: m | L34: w | M34: w | N34: w | O34: m | P34: w | Q34: m | R34: m | S34: m | T34: w | U34: w | V34: w | W34: m | X34: m | Y34: m | Z34: m | AA34: m | AB34: m | AC34: m | AD34: m | AE34: m | AF34: m | AG34: m | AH34: m | AI34: m | AJ34: m | AK34: m | AL34: m | AM34: m | AN34: m | AO34: m | AP34: m | AQ34: m
C37: Urliste Zug b | F37: =COUNT(C39:AE39) -> 29 | G37: Elemente
A38: Element# | B38: wi | C38: 1 | D38: 2 | E38: 3 | F38: 4 | G38: 5 | H38: 6 | I38: 7 | J38: 8 | K38: 9 | L38: 10 | M38: 11 | N38: 12 | O38: 13 | P38: 14 | Q38: 15 | R38: 16 | S38: 17 | T38: 18 | U38: 19 | V38: 20 | W38: 21 | X38: 22 | Y38: 23 | Z38: 24 | AA38: 25 | AB38: 26 | AC38: 27 | AD38: 28 | AE38: 29
A39: Alter | B39: xi | C39: 23 | D39: 22 | E39: 23 | F39: 22 | G39: 22 | H39: 22 | I39: 25 | J39: 21 | K39: 26 | L39: 21 | M39: 23 | N39: 23 | O39: 25 | P39: 25 | Q39: 23 | R39: 25 | S39: 25 | T39: 19 | U39: 24 | V39: 20 | W39: 20 | X39: 22 | Y39: 26 | Z39: 20 | AA39: 23 | AB39: 26 | AC39: 26 | AD39: 22 | AE39: 20
A40: Köperlänge | B40: yi | C40: 155 | D40: 160 | E40: 160 | F40: 165 | G40: 165 | H40: 170 | I40: 170 | J40: 174 | K40: 175 | L40: 176 | M40: 176 | N40: 176 | O40: 176 | P40: 176 | Q40: 178 | R40: 178 | S40: 180 | T40: 182 | U40: 182 | V40: 183 | W40: 183 | X40: 184 | Y40: 184 | Z40: 185 | AA40: 185 | AB40: 185 | AC40: 185 | AD40: 188 | AE40: 195
A41: Berufsausb. | B41: bi | C41: j | D41: n | E41: n | F41: n | G41: n | H41: n | I41: n | J41: n | K41: j | L41: n | M41: j | N41: j | O41: j | P41: j | Q41: n | R41: n | S41: n | T41: n | U41: n | V41: n | W41: n | X41: n | Y41: j | Z41: n | AA41: n | AB41: j | AC41: n | AD41: n | AE41: n
A42: Geschlecht | B42: gi | C42: w | D42: w | E42: w | F42: w | G42: w | H42: m | I42: m | J42: w | K42: m | L42: m | M42: m | N42: m | O42: w | P42: w | Q42: m | R42: m | S42: m | T42: w | U42: m | V42: m | W42: m | X42: m | Y42: m | Z42: m | AA42: m | AB42: m | AC42: m | AD42: m | AE42: m
G48: 23 | H48: 155 | I48: j | J48: w | O48: 19 | P48: 160 | Q48: n | R48: w | U48: 23 | V48: 155 | W48: j | X48: w
G49: 19 | H49: 160 | I49: n | J49: w | O49: 21 | P49: 160 | Q49: n | R49: w | U49: 22 | V49: 160 | W49: n | X49: w
G50: 21 | H50: 160 | I50: n | J50: w | O50: 24 | P50: 160 | Q50: n | R50: w | U50: 23 | V50: 160 | W50: n | X50: w
G51: 22 | H51: 160 | I51: n | J51: w | O51: 22 | P51: 161 | Q51: n | R51: w | U51: 22 | V51: 165 | W51: n | X51: w
G52: 23 | H52: 160 | I52: n | J52: w | O52: 20 | P52: 163 | Q52: n | R52: w | U52: 22 | V52: 165 | W52: n | X52: w
G53: 24 | H53: 160 | I53: n | J53: w | O53: 20 | P53: 163 | Q53: n | R53: w | U53: 22 | V53: 170 | W53: n | X53: m
G54: 22 | H54: 161 | I54: n | J54: w | O54: 21 | P54: 163 | Q54: n | R54: w | U54: 25 | V54: 170 | W54: n | X54: m
G55: 20 | H55: 163 | I55: n | J55: w | O55: 26 | P55: 164 | Q55: j | R55: m | U55: 21 | V55: 174 | W55: n | X55: w
G56: 20 | H56: 163 | I56: n | J56: w | O56: 21 | P56: 165 | Q56: n | R56: m | U56: 26 | V56: 175 | W56: j | X56: m
G57: 21 | H57: 163 | I57: n | J57: w | O57: 19 | P57: 168 | Q57: n | R57: w | U57: 21 | V57: 176 | W57: n | X57: m
G58: 26 | H58: 164 | I58: j | J58: m | O58: 28 | P58: 169 | Q58: j | R58: w | U58: 23 | V58: 176 | W58: j | X58: m
G59: 21 | H59: 165 | I59: n | J59: m | O59: 20 | P59: 170 | Q59: n | R59: w | U59: 23 | V59: 176 | W59: j | X59: m
... G76: 22 | H76: 174 | I76: n | J76: m | O76: 26 | P76: 182 | Q76: j | R76: m | U76: 20 | V76: 195 | W76: n | X76: m
G77: 26 | H77: 175 | I77: j | J77: m | O77: 24 | P77: 183 | Q77: n | R77: m
G78: 21 | H78: 176 | I78: n | J78: m | O78: 25 | P78: 183 | Q78: j | R78: m
G79: 21 | H79: 176 | I79: n | J79: m | O79: 21 | P79: 184 | Q79: n | R79: m
G80: 23 | H80: 176 | I80: j | J80: m | O80: 21 | P80: 185 | Q80: n | R80: m
G81: 23 | H81: 176 | I81: j | J81: m | O81: 21 | P81: 185 | Q81: n | R81: m
G82: 25 | H82: 176 | I82: j | J82: w | O82: 22 | P82: 185 | Q82: n | R82: m
G83: 25 | H83: 176 | I83: j | J83: w | O83: 22 | P83: 187 | Q83: n | R83: m
G84: 21 | H84: 178 | I84: n | J84: m | O84: 25 | P84: 187 | Q84: j | R84: m
G85: 23 | H85: 178 | I85: n | J85: m | O85: 23 | P85: 189 | Q85: j | R85: m
G86: 25 | H86: 178 | I86: n | J86: m | O86: 28 | P86: 190 | Q86: j | R86: m
G87: 20 | H87: 180 | I87: n | J87: m | O87: 23 | P87: 193 | Q87: n | R87: m
G88: 22 | H88: 180 | I88: n | J88: m | O88: 27 | P88: 193 | Q88: j | R88: m
G89: 22 | H89: 180 | I89: n | J89: m
G90: 25 | H90: 180 | I90: n | J90: m
G91: 19 | H91: 182 | I91: n | J91: w
G92: 20 | H92: 182 | I92: n | J92: m
G93: 24 | H93: 182 | I93: n | J93: m
G94: 24 | H94: 182 | I94: n | J94: m
G95: 26 | H95: 182 | I95: j | J95: m
G96: 20 | H96: 183 | I96: n | J96: m
G97: 20 | H97: 183 | I97: n | J97: m
G98: 24 | H98: 183 | I98: n | J98: m
G99: 25 | H99: 183 | I99: j | J99: m
G100: 21 | H100: 184 | I100: n | J100: m
... G117: 20 | H117: 195 | I117: n | J117: m

Sheet Urlisten sortiert Alter
C2: Grundgesamtheit:
C3: zeitlich: | H3: WS 1718, 4.10.2017, Züge a & b
C4: räumlich: | H4: KL, Schoenstrasse, Hörsaal H4
C5: sachlich: | H5: Alle Hörer der LV "Statistik"
C7: Merkmalsausprägung: | H7: Alter [Jahre] | N7: Min | O7: =MIN(C15:CF15) -> 19 | Q7: Max | R7: =MAX(C15:CF15) -> 28
H8: Körperlänge [cm] | N8: Min | O8: =MIN(C16:CF16) -> 155 | Q8: Max | R8: =MAX(C16:CF16) -> 195
H9: Berufausbildung [j/n]
H10: Geschlecht [m/w]
C12: Urliste | F12: =COUNT(C15:CF15) -> 70 | G12: Elemente
C13: Zug a | AR13: Zug b
A14: Element# | B14: wi | C14: 1 | D14: 2 | E14: 3 | F14: 4 | G14: 5 | H14: 6 | I14: 7 | J14: 8 | K14: 9 | L14: 10 | M14: 11 | N14: 12 | O14: 13 | P14: 14 | Q14: 15 | R14: 16 | S14: 17 | T14: 18 | U14: 19 | V14: 20 | W14: 21 | X14: 22 | Y14: 23 | Z14: 24 | AA14: 25 | AB14: 26 | AC14: 27 | AD14: 28 | AE14: 29 | AF14: 30 | AG14: 31 | AH14: 32 | AI14: 33 | AJ14: 34 | AK14: 35 | AL14: 36 | AM14: 37 | AN14: 38 | AO14: 39 | AP14: 40 | AQ14: 41 | AR14: 42 | AS14: 43 | AT14: 44 | AU14: 45 | AV14: 46 | AW14: 47 | AX14: 48 | AY14: 49 | AZ14: 50 | BA14: 51 | BB14: 52 | BC14: 53 | BD14: 54 | BE14: 55 | BF14: 56 | BG14: 57 | BH14: 58 | BI14: 59 | BJ14: 60 | BK14: 61 | BL14: 62 | BM14: 63 | BN14: 64 | BO14: 65 | BP14: 66 | BQ14: 67 | BR14: 68 | BS14: 69 | BT14: 70 | BU14: 71 | BV14: 72 | BW14: 73 | BX14: 74 | BY14: 75 | BZ14: 76 | CA14: 77 | CB14: 78 | CC14: 79 | CD14: 80 | CE14: 81 | CF14: 82 | CG14: 83 | CH14: 84 | CI14: 85 | CJ14: 86 | CK14: 87 | CL14: 88 | CM14: 89 | CN14: 90 | CO14: 91 | CP14: 92 | CQ14: 93 | CR14: 94 | CS14: 95 | CT14: 96 | CU14: 97 | CV14: 98 | CW14: 99 | CX14: 100 | CY14: 101 | CZ14: 102 | DA14: 103 | DB14: 104 | DC14: 105 | DD14: 106 | DE14: 107 | DF14: 108 | DG14: 109 | DH14: 110 | DI14: 111 | DJ14: 112 | DK14: 113 | DL14: 114 | DM14: 115 | DN14: 116 | DO14: 117 | DP14: 118 | DQ14: 119 | DR14: 120 | DS14: 121 | DT14: 122 | DU14: 123 | DV14: 124 | DW14: 125 | DX14: 126 | DY14: 127 | DZ14: 128 | EA14: 129 | EB14: 130 | EC14: 131 | ED14: 132 | EE14: 133 | EF14: 134 | EG14: 135 | EH14: 136 | EI14: 137 | EJ14: 138 | EK14: 139 | EL14: 140
A15: Alter | B15: xi | C15: 19 | D15: 19 | E15: 19 | F15: 20 | G15: 20 | H15: 20 | I15: 20 | J15: 20 | K15: 20 | L15: 20 | M15: 20 | N15: 20 | O15: 20 | P15: 21 | Q15: 21 | R15: 21 | S15: 21 | T15: 21 | U15: 21 | V15: 21 | W15: 21 | X15: 21 | Y15: 21 | Z15: 21 | AA15: 22 | AB15: 22 | AC15: 22 | AD15: 22 | AE15: 22 | AF15: 22 | AG15: 22 | AH15: 22 | AI15: 22 | AJ15: 22 | AK15: 22 | AL15: 22 | AM15: 22 | AN15: 22 | AO15: 23 | AP15: 23 | AQ15: 23 | AR15: 23 | AS15: 23 | AT15: 23 | AU15: 23 | AV15: 23 | AW15: 23 | AX15: 24 | AY15: 24 | AZ15: 24 | BA15: 24 | BB15: 24 | BC15: 24 | BD15: 25 | BE15: 25 | BF15: 25 | BG15: 25 | BH15: 25 | BI15: 25 | BJ15: 25 | BK15: 25 | BL15: 26 | BM15: 26 | BN15: 26 | BO15: 26 | BP15: 26 | BQ15: 26 | BR15: 27 | BS15: 28 | BT15: 28
A16: Köperlänge | B16: yi | C16: 168 | D16: 160 | E16: 182 | F16: 163 | G16: 163 | H16: 182 | I16: 180 | J16: 170 | K16: 174 | L16: 185 | M16: 183 | N16: 195 | O16: 183 | P16: 178 | Q16: 163 | R16: 160 | S16: 184 | T16: 185 | U16: 185 | V16: 165 | W16: 176 | X16: 173 | Y16: 176 | Z16: 174 | AA16: 187 | AB16: 161 | AC16: 174 | AD16: 185 | AE16: 170 | AF16: 180 | AG16: 170 | AH16: 180 | AI16: 188 | AJ16: 160 | AK16: 165 | AL16: 170 | AM16: 184 | AN16: 165 | AO16: 170 | AP16: 193 | AQ16: 189 | AR16: 176 | AS16: 185 | AT16: 155 | AU16: 178 | AV16: 176 | AW16: 160 | AX16: 170 | AY16: 171 | AZ16: 160 | BA16: 182 | BB16: 183 | BC16: 182 | BD16: 187 | BE16: 183 | BF16: 172 | BG16: 176 | BH16: 180 | BI16: 178 | BJ16: 176 | BK16: 170 | BL16: 164 | BM16: 182 | BN16: 184 | BO16: 175 | BP16: 185 | BQ16: 185 | BR16: 193 | BS16: 169 | BT16: 190
A17: Berufsausb. | B17: bi | C17: n | D17: n | E17: n | F17: n | G17: n | H17: n | I17: n | J17: n | K17: n | L17: n | M17: n | N17: n | O17: n | P17: n | Q17: n | R17: n | S17: n | T17: n | U17: n | V17: n | W17: n | X17: n | Y17: n | Z17: n | AA17: n | AB17: n | AC17: n | AD17: n | AE17: n | AF17: n | AG17: n | AH17: n | AI17: n | AJ17: n | AK17: n | AL17: n | AM17: n | AN17: n | AO17: n | AP17: n | AQ17: j | AR17: j | AS17: n | AT17: j | AU17: n | AV17: j | AW17: n | AX17: n | AY17: n | AZ17: n | BA17: n | BB17: n | BC17: n | BD17: j | BE17: j | BF17: j | BG17: j | BH17: n | BI17: n | BJ17: j | BK17: n | BL17: j | BM17: j | BN17: j | BO17: j | BP17: j | BQ17: n | BR17: j | BS17: j | BT17: j
A18: Geschlecht | B18: gi | C18: w | D18: w | E18: w | F18: w | G18: w | H18: m | I18: m | J18: w | K18: w | L18: m | M18: m | N18: m | O18: m | P18: m | Q18: w | R18: w | S18: m | T18: m | U18: m | V18: m | W18: m | X18: w | Y18: m | Z18: w | AA18: m | AB18: w | AC18: m | AD18: m | AE18: m | AF18: m | AG18: w | AH18: m | AI18: m | AJ18: w | AK18: w | AL18: m | AM18: m | AN18: w | AO18: m | AP18: m | AQ18: m | AR18: m | AS18: m | AT18: w | AU18: m | AV18: m | AW18: w | AX18: m | AY18: m | AZ18: w | BA18: m | BB18: m | BC18: m | BD18: m | BE18: m | BF18: w | BG18: w | BH18: m | BI18: m | BJ18: w | BK18: m | BL18: m | BM18: m | BN18: m | BO18: m | BP18: m | BQ18: m | BR18: m | BS18: w | BT18: m
C20: Zug b
C21: 42 | D21: 43 | E21: 44 | F21: 45 | G21: 46 | H21: 47 | I21: 48 | J21: 49 | K21: 50 | L21: 51 | M21: 52 | N21: 53 | O21: 54 | P21: 55 | Q21: 56 | R21: 57 | S21: 58 | T21: 59 | U21: 60 | V21: 61 | W21: 62 | X21: 63 | Y21: 64 | Z21: 65 | AA21: 66 | AB21: 67 | AC21: 68 | AD21: 69 | AE21: 70
C22: 23 | D22: 23 | E22: 23 | F22: 23 | G22: 23 | H22: 23 | I22: 24 | J22: 24 | K22: 24 | L22: 24 | M22: 24 | N22: 24 | O22: 25 | P22: 25 | Q22: 25 | R22: 25 | S22: 25 | T22: 25 | U22: 25 | V22: 25 | W22: 26 | X22: 26 | Y22: 26 | Z22: 26 | AA22: 26 | AB22: 26 | AC22: 27 | AD22: 28 | AE22: 28
C23: 176 | D23: 185 | E23: 155 | F23: 178 | G23: 176 | H23: 160 | I23: 170 | J23: 171 | K23: 160 | L23: 182 | M23: 183 | N23: 182 | O23: 187 | P23: 183 | Q23: 172 | R23: 176 | S23: 180 | T23: 178 | U23: 176 | V23: 170 | W23: 164 | X23: 182 | Y23: 184 | Z23: 175 | AA23: 185 | AB23: 185 | AC23: 193 | AD23: 169 | AE23: 190
C24: j | D24: n | E24: j | F24: n | G24: j | H24: n | I24: n | J24: n | K24: n | L24: n | M24: n | N24: n | O24: j | P24: j | Q24: j | R24: j | S24: n | T24: n | U24: j | V24: n | W24: j | X24: j | Y24: j | Z24: j | AA24: j | AB24: n | AC24: j | AD24: j | AE24: j
C25: m | D25: m | E25: w | F25: m | G25: m | H25: w | I25: m | J25: m | K25: w | L25: m | M25: m | N25: m | O25: m | P25: m | Q25: w | R25: w | S25: m | T25: m | U25: w | V25: m | W25: m | X25: m | Y25: m | Z25: m | AA25: m | AB25: m | AC25: m | AD25: w | AE25: m
C27: Urlisten, nach Zügen getrennt:
C29: Urliste Zug a | F29: =COUNT(C31:BT31) -> 41 | G29: Elemente
A30: Element# | B30: wi | C30: 1 | D30: 2 | E30: 3 | F30: 4 | G30: 5 | H30: 6 | I30: 7 | J30: 8 | K30: 9 | L30: 10 | M30: 11 | N30: 12 | O30: 13 | P30: 14 | Q30: 15 | R30: 16 | S30: 17 | T30: 18 | U30: 19 | V30: 20 | W30: 21 | X30: 22 | Y30: 23 | Z30: 24 | AA30: 25 | AB30: 26 | AC30: 27 | AD30: 28 | AE30: 29 | AF30: 30 | AG30: 31 | AH30: 32 | AI30: 33 | AJ30: 34 | AK30: 35 | AL30: 36 | AM30: 37 | AN30: 38 | AO30: 39 | AP30: 40 | AQ30: 41 | AR30: 42 | AS30: 43 | AT30: 44 | AU30: 45 | AV30: 46 | AW30: 47 | AX30: 48 | AY30: 49 | AZ30: 50 | BA30: 51 | BB30: 52 | BC30: 53 | BD30: 54 | BE30: 55 | BF30: 56 | BG30: 57 | BH30: 58 | BI30: 59 | BJ30: 60 | BK30: 61 | BL30: 62 | BM30: 63 | BN30: 64 | BO30: 65 | BP30: 66 | BQ30: 67 | BR30: 68 | BS30: 69 | BT30: 70
A31: Alter | B31: xi | C31: 19 | D31: 19 | E31: 20 | F31: 20 | G31: 20 | H31: 20 | I31: 20 | J31: 20 | K31: 21 | L31: 21 | M31: 21 | N31: 21 | O31: 21 | P31: 21 | Q31: 21 | R31: 21 | S31: 21 | T31: 22 | U31: 22 | V31: 22 | W31: 22 | X31: 22 | Y31: 22 | Z31: 22 | AA31: 22 | AB31: 23 | AC31: 23 | AD31: 23 | AE31: 24 | AF31: 24 | AG31: 24 | AH31: 24 | AI31: 24 | AJ31: 25 | AK31: 25 | AL31: 25 | AM31: 26 | AN31: 26 | AO31: 27 | AP31: 28 | AQ31: 28
A32: Köperlänge | B32: yi | C32: 168 | D32: 160 | E32: 163 | F32: 163 | G32: 182 | H32: 180 | I32: 170 | J32: 174 | K32: 178 | L32: 163 | M32: 160 | N32: 184 | O32: 185 | P32: 185 | Q32: 165 | R32: 176 | S32: 173 | T32: 187 | U32: 161 | V32: 174 | W32: 185 | X32: 170 | Y32: 180 | Z32: 170 | AA32: 180 | AB32: 170 | AC32: 193 | AD32: 189 | AE32: 170 | AF32: 171 | AG32: 160 | AH32: 182 | AI32: 183 | AJ32: 187 | AK32: 183 | AL32: 172 | AM32: 164 | AN32: 182 | AO32: 193 | AP32: 169 | AQ32: 190
A33: Berufsausb. | B33: bi | C33: n | D33: n | E33: n | F33: n | G33: n | H33: n | I33: n | J33: n | K33: n | L33: n | M33: n | N33: n | O33: n | P33: n | Q33: n | R33: n | S33: n | T33: n | U33: n | V33: n | W33: n | X33: n | Y33: n | Z33: n | AA33: n | AB33: n | AC33: n | AD33: j | AE33: n | AF33: n | AG33: n | AH33: n | AI33: n | AJ33: j | AK33: j | AL33: j | AM33: j | AN33: j | AO33: j | AP33: j | AQ33: j
A34: Geschlecht | B34: gi | C34: w | D34: w | E34: w | F34: w | G34: m | H34: m | I34: w | J34: w | K34: m | L34: w | M34: w | N34: m | O34: m | P34: m | Q34: m | R34: m | S34: w | T34: m | U34: w | V34: m | W34: m | X34: m | Y34: m | Z34: w | AA34: m | AB34: m | AC34: m | AD34: m | AE34: m | AF34: m | AG34: w | AH34: m | AI34: m | AJ34: m | AK34: m | AL34: w | AM34: m | AN34: m | AO34: m | AP34: w | AQ34: m
C37: Urliste Zug b | F37: =COUNT(C39:AE39) -> 29 | G37: Elemente
A38: Element# | B38: wi | C38: 1 | D38: 2 | E38: 3 | F38: 4 | G38: 5 | H38: 6 | I38: 7 | J38: 8 | K38: 9 | L38: 10 | M38: 11 | N38: 12 | O38: 13 | P38: 14 | Q38: 15 | R38: 16 | S38: 17 | T38: 18 | U38: 19 | V38: 20 | W38: 21 | X38: 22 | Y38: 23 | Z38: 24 | AA38: 25 | AB38: 26 | AC38: 27 | AD38: 28 | AE38: 29
A39: Alter | B39: xi | C39: 19 | D39: 20 | E39: 20 | F39: 20 | G39: 20 | H39: 21 | I39: 21 | J39: 22 | K39: 22 | L39: 22 | M39: 22 | N39: 22 | O39: 22 | P39: 23 | Q39: 23 | R39: 23 | S39: 23 | T39: 23 | U39: 23 | V39: 24 | W39: 25 | X39: 25 | Y39: 25 | Z39: 25 | AA39: 25 | AB39: 26 | AC39: 26 | AD39: 26 | AE39: 26
A40: Köperlänge | B40: yi | C40: 182 | D40: 185 | E40: 183 | F40: 195 | G40: 183 | H40: 176 | I40: 174 | J40: 188 | K40: 160 | L40: 165 | M40: 170 | N40: 184 | O40: 165 | P40: 176 | Q40: 185 | R40: 155 | S40: 178 | T40: 176 | U40: 160 | V40: 182 | W40: 176 | X40: 180 | Y40: 178 | Z40: 176 | AA40: 170 | AB40: 184 | AC40: 175 | AD40: 185 | AE40: 185
A41: Berufsausb. | B41: bi | C41: n | D41: n | E41: n | F41: n | G41: n | H41: n | I41: n | J41: n | K41: n | L41: n | M41: n | N41: n | O41: n | P41: j | Q41: n | R41: j | S41: n | T41: j | U41: n | V41: n | W41: j | X41: n | Y41: n | Z41: j | AA41: n | AB41: j | AC41: j | AD41: j | AE41: n
A42: Geschlecht | B42: gi | C42: w | D42: m | E42: m | F42: m | G42: m | H42: m | I42: w | J42: m | K42: w | L42: w | M42: m | N42: m | O42: w | P42: m | Q42: m | R42: w | S42: m | T42: m | U42: w | V42: m | W42: w | X42: m | Y42: m | Z42: w | AA42: m | AB42: m | AC42: m | AD42: m | AE42: m
G48: 19 | H48: 168 | I48: n | J48: w | O48: 19 | P48: 168 | Q48: n | R48: w | U48: 19 | V48: 182 | W48: n | X48: w
G49: 19 | H49: 160 | I49: n | J49: w | O49: 19 | P49: 160 | Q49: n | R49: w | U49: 20 | V49: 185 | W49: n | X49: m
G50: 19 | H50: 182 | I50: n | J50: w | O50: 20 | P50: 163 | Q50: n | R50: w | U50: 20 | V50: 183 | W50: n | X50: m
G51: 20 | H51: 163 | I51: n | J51: w | O51: 20 | P51: 163 | Q51: n | R51: w | U51: 20 | V51: 195 | W51: n | X51: m
G52: 20 | H52: 163 | I52: n | J52: w | O52: 20 | P52: 182 | Q52: n | R52: m | U52: 20 | V52: 183 | W52: n | X52: m
G53: 20 | H53: 182 | I53: n | J53: m | O53: 20 | P53: 180 | Q53: n | R53: m | U53: 21 | V53: 176 | W53: n | X53: m
G54: 20 | H54: 180 | I54: n | J54: m | O54: 20 | P54: 170 | Q54: n | R54: w | U54: 21 | V54: 174 | W54: n | X54: w
G55: 20 | H55: 170 | I55: n | J55: w | O55: 20 | P55: 174 | Q55: n | R55: w | U55: 22 | V55: 188 | W55: n | X55: m
G56: 20 | H56: 174 | I56: n | J56: w | O56: 21 | P56: 178 | Q56: n | R56: m | U56: 22 | V56: 160 | W56: n | X56: w
G57: 20 | H57: 185 | I57: n | J57: m | O57: 21 | P57: 163 | Q57: n | R57: w | U57: 22 | V57: 165 | W57: n | X57: w
G58: 20 | H58: 183 | I58: n | J58: m | O58: 21 | P58: 160 | Q58: n | R58: w | U58: 22 | V58: 170 | W58: n | X58: m
G59: 20 | H59: 195 | I59: n | J59: m | O59: 21 | P59: 184 | Q59: n | R59: m | U59: 22 | V59: 184 | W59: n | X59: m
... G76: 22 | H76: 170 | I76: n | J76: m | O76: 24 | P76: 170 | Q76: n | R76: m | U76: 26 | V76: 185 | W76: n | X76: m
G77: 22 | H77: 180 | I77: n | J77: m | O77: 24 | P77: 171 | Q77: n | R77: m
G78: 22 | H78: 170 | I78: n | J78: w | O78: 24 | P78: 160 | Q78: n | R78: w
G79: 22 | H79: 180 | I79: n | J79: m | O79: 24 | P79: 182 | Q79: n | R79: m
G80: 22 | H80: 188 | I80: n | J80: m | O80: 24 | P80: 183 | Q80: n | R80: m
G81: 22 | H81: 160 | I81: n | J81: w | O81: 25 | P81: 187 | Q81: j | R81: m
G82: 22 | H82: 165 | I82: n | J82: w | O82: 25 | P82: 183 | Q82: j | R82: m
G83: 22 | H83: 170 | I83: n | J83: m | O83: 25 | P83: 172 | Q83: j | R83: w
G84: 22 | H84: 184 | I84: n | J84: m | O84: 26 | P84: 164 | Q84: j | R84: m
G85: 22 | H85: 165 | I85: n | J85: w | O85: 26 | P85: 182 | Q85: j | R85: m
G86: 23 | H86: 170 | I86: n | J86: m | O86: 27 | P86: 193 | Q86: j | R86: m
G87: 23 | H87: 193 | I87: n | J87: m | O87: 28 | P87: 169 | Q87: j | R87: w
G88: 23 | H88: 189 | I88: j | J88: m | O88: 28 | P88: 190 | Q88: j | R88: m
G89: 23 | H89: 176 | I89: j | J89: m
G90: 23 | H90: 185 | I90: n | J90: m
G91: 23 | H91: 155 | I91: j | J91: w
G92: 23 | H92: 178 | I92: n | J92: m
G93: 23 | H93: 176 | I93: j | J93: m
G94: 23 | H94: 160 | I94: n | J94: w
G95: 24 | H95: 170 | I95: n | J95: m
G96: 24 | H96: 171 | I96: n | J96: m
G97: 24 | H97: 160 | I97: n | J97: w
G98: 24 | H98: 182 | I98: n | J98: m
G99: 24 | H99: 183 | I99: n | J99: m
G100: 24 | H100: 182 | I100: n | J100: m
... G117: 28 | H117: 190 | I117: j | J117: m

Sheet Urlisten
C2: Grundgesamtheit:
C3: zeitlich: | H3: WS 1718, 4.10.2017, Züge a & b
C4: räumlich: | H4: KL, Schoenstrasse, Hörsaal H4
C5: sachlich: | H5: Alle Hörer der LV "Statistik"
C7: Merkmalsausprägung: | H7: Alter [Jahre] | N7: Min | O7: =MIN(C15:CF15) -> 19 | Q7: Max | R7: =MAX(C15:CF15) -> 28
H8: Körperlänge [cm] | N8: Min | O8: =MIN(C16:CF16) -> 155 | Q8: Max | R8: =MAX(C16:CF16) -> 195
H9: Berufausbildung [j/n]
H10: Geschlecht [m/w]
C12: Urliste | F12: =COUNT(C15:CF15) -> 70 | G12: Elemente
C13: Zug a | AR13: Zug b
A14: Element# | B14: wi | C14: 1 | D14: 2 | E14: 3 | F14: 4 | G14: 5 | H14: 6 | I14: 7 | J14: 8 | K14: 9 | L14: 10 | M14: 11 | N14: 12 | O14: 13 | P14: 14 | Q14: 15 | R14: 16 | S14: 17 | T14: 18 | U14: 19 | V14: 20 | W14: 21 | X14: 22 | Y14: 23 | Z14: 24 | AA14: 25 | AB14: 26 | AC14: 27 | AD14: 28 | AE14: 29 | AF14: 30 | AG14: 31 | AH14: 32 | AI14: 33 | AJ14: 34 | AK14: 35 | AL14: 36 | AM14: 37 | AN14: 38 | AO14: 39 | AP14: 40 | AQ14: 41 | AR14: 42 | AS14: 43 | AT14: 44 | AU14: 45 | AV14: 46 | AW14: 47 | AX14: 48 | AY14: 49 | AZ14: 50 | BA14: 51 | BB14: 52 | BC14: 53 | BD14: 54 | BE14: 55 | BF14: 56 | BG14: 57 | BH14: 58 | BI14: 59 | BJ14: 60 | BK14: 61 | BL14: 62 | BM14: 63 | BN14: 64 | BO14: 65 | BP14: 66 | BQ14: 67 | BR14: 68 | BS14: 69 | BT14: 70 | BU14: 71 | BV14: 72 | BW14: 73 | BX14: 74 | BY14: 75 | BZ14: 76 | CA14: 77 | CB14: 78 | CC14: 79 | CD14: 80 | CE14: 81 | CF14: 82 | CG14: 83 | CH14: 84 | CI14: 85 | CJ14: 86 | CK14: 87 | CL14: 88 | CM14: 89 | CN14: 90 | CO14: 91 | CP14: 92 | CQ14: 93 | CR14: 94 | CS14: 95 | CT14: 96 | CU14: 97 | CV14: 98 | CW14: 99 | CX14: 100 | CY14: 101 | CZ14: 102 | DA14: 103 | DB14: 104 | DC14: 105 | DD14: 106 | DE14: 107 | DF14: 108 | DG14: 109 | DH14: 110 | DI14: 111 | DJ14: 112 | DK14: 113 | DL14: 114 | DM14: 115 | DN14: 116 | DO14: 117 | DP14: 118 | DQ14: 119 | DR14: 120 | DS14: 121 | DT14: 122 | DU14: 123 | DV14: 124 | DW14: 125 | DX14: 126 | DY14: 127 | DZ14: 128 | EA14: 129 | EB14: 130 | EC14: 131 | ED14: 132 | EE14: 133 | EF14: 134 | EG14: 135 | EH14: 136 | EI14: 137 | EJ14: 138 | EK14: 139 | EL14: 140
A15: Alter | B15: xi | C15: 22 | D15: 21 | E15: 23 | F15: 24 | G15: 24 | H15: 27 | I15: 19 | J15: 19 | K15: 21 | L15: 22 | M15: 21 | N15: 26 | O15: 22 | P15: 24 | Q15: 20 | R15: 23 | S15: 21 | T15: 22 | U15: 20 | V15: 24 | W15: 21 | X15: 22 | Y15: 22 | Z15: 20 | AA15: 21 | AB15: 26 | AC15: 24 | AD15: 28 | AE15: 25 | AF15: 25 | AG15: 21 | AH15: 21 | AI15: 20 | AJ15: 25 | AK15: 22 | AL15: 20 | AM15: 21 | AN15: 20 | AO15: 23 | AP15: 22 | AQ15: 28 | AR15: 26 | AS15: 21 | AT15: 23 | AU15: 22 | AV15: 20 | AW15: 24 | AX15: 20 | AY15: 19 | AZ15: 23 | BA15: 22 | BB15: 26 | BC15: 20 | BD15: 25 | BE15: 22 | BF15: 25 | BG15: 22 | BH15: 26 | BI15: 25 | BJ15: 22 | BK15: 23 | BL15: 23 | BM15: 23 | BN15: 20 | BO15: 26 | BP15: 21 | BQ15: 25 | BR15: 25 | BS15: 22 | BT15: 23
A16: Köperlänge | B16: yi | C16: 187 | D16: 178 | E16: 170 | F16: 170 | G16: 171 | H16: 193 | I16: 168 | J16: 160 | K16: 163 | L16: 161 | M16: 160 | N16: 164 | O16: 174 | P16: 160 | Q16: 163 | R16: 193 | S16: 184 | T16: 185 | U16: 163 | V16: 182 | W16: 185 | X16: 170 | Y16: 180 | Z16: 182 | AA16: 185 | AB16: 182 | AC16: 183 | AD16: 169 | AE16: 187 | AF16: 183 | AG16: 165 | AH16: 176 | AI16: 180 | AJ16: 172 | AK16: 170 | AL16: 170 | AM16: 173 | AN16: 174 | AO16: 189 | AP16: 180 | AQ16: 190 | AR16: 184 | AS16: 176 | AT16: 176 | AU16: 188 | AV16: 185 | AW16: 182 | AX16: 183 | AY16: 182 | AZ16: 185 | BA16: 160 | BB16: 175 | BC16: 195 | BD16: 176 | BE16: 165 | BF16: 180 | BG16: 170 | BH16: 185 | BI16: 178 | BJ16: 184 | BK16: 155 | BL16: 178 | BM16: 176 | BN16: 183 | BO16: 185 | BP16: 174 | BQ16: 176 | BR16: 170 | BS16: 165 | BT16: 160
A17: Berufsausb. | B17: bi | C17: n | D17: n | E17: n | F17: n | G17: n | H17: j | I17: n | J17: n | K17: n | L17: n | M17: n | N17: j | O17: n | P17: n | Q17: n | R17: n | S17: n | T17: n | U17: n | V17: n | W17: n | X17: n | Y17: n | Z17: n | AA17: n | AB17: j | AC17: n | AD17: j | AE17: j | AF17: j | AG17: n | AH17: n | AI17: n | AJ17: j | AK17: n | AL17: n | AM17: n | AN17: n | AO17: j | AP17: n | AQ17: j | AR17: j | AS17: n | AT17: j | AU17: n | AV17: n | AW17: n | AX17: n | AY17: n | AZ17: n | BA17: n | BB17: j | BC17: n | BD17: j | BE17: n | BF17: n | BG17: n | BH17: j | BI17: n | BJ17: n | BK17: j | BL17: n | BM17: j | BN17: n | BO17: n | BP17: n | BQ17: j | BR17: n | BS17: n | BT17: n
A18: Geschlecht | B18: gi | C18: m | D18: m | E18: m | F18: m | G18: m | H18: m | I18: w | J18: w | K18: w | L18: w | M18: w | N18: m | O18: m | P18: w | Q18: w | R18: m | S18: m | T18: m | U18: w | V18: m | W18: m | X18: m | Y18: m | Z18: m | AA18: m | AB18: m | AC18: m | AD18: w | AE18: m | AF18: m | AG18: m | AH18: m | AI18: m | AJ18: w | AK18: w | AL18: w | AM18: w | AN18: w | AO18: m | AP18: m | AQ18: m | AR18: m | AS18: m | AT18: m | AU18: m | AV18: m | AW18: m | AX18: m | AY18: w | AZ18: m | BA18: w | BB18: m | BC18: m | BD18: w | BE18: w | BF18: m | BG18: m | BH18: m | BI18: m | BJ18: m | BK18: w | BL18: m | BM18: m | BN18: m | BO18: m | BP18: w | BQ18: w | BR18: m | BS18: w | BT18: w
C21: Urlisten, nach Zügen getrennt:
C23: Urliste Zug a | F23: =COUNT(C25:BT25) -> 41 | G23: Elemente
A24: Element# | B24: wi | C24: 1 | D24: 2 | E24: 3 | F24: 4 | G24: 5 | H24: 6 | I24: 7 | J24: 8 | K24: 9 | L24: 10 | M24: 11 | N24: 12 | O24: 13 | P24: 14 | Q24: 15 | R24: 16 | S24: 17 | T24: 18 | U24: 19 | V24: 20 | W24: 21 | X24: 22 | Y24: 23 | Z24: 24 | AA24: 25 | AB24: 26 | AC24: 27 | AD24: 28 | AE24: 29 | AF24: 30 | AG24: 31 | AH24: 32 | AI24: 33 | AJ24: 34 | AK24: 35 | AL24: 36 | AM24: 37 | AN24: 38 | AO24: 39 | AP24: 40 | AQ24: 41 | AR24: 42 | AS24: 43 | AT24: 44 | AU24: 45 | AV24: 46 | AW24: 47 | AX24: 48 | AY24: 49 | AZ24: 50 | BA24: 51 | BB24: 52 | BC24: 53 | BD24: 54 | BE24: 55 | BF24: 56 | BG24: 57 | BH24: 58 | BI24: 59 | BJ24: 60 | BK24: 61 | BL24: 62 | BM24: 63 | BN24: 64 | BO24: 65 | BP24: 66 | BQ24: 67 | BR24: 68 | BS24: 69 | BT24: 70
A25: Alter | B25: xi | C25: 22 | D25: 21 | E25: 23 | F25: 24 | G25: 24 | H25: 27 | I25: 19 | J25: 19 | K25: 21 | L25: 22 | M25: 21 | N25: 26 | O25: 22 | P25: 24 | Q25: 20 | R25: 23 | S25: 21 | T25: 22 | U25: 20 | V25: 24 | W25: 21 | X25: 22 | Y25: 22 | Z25: 20 | AA25: 21 | AB25: 26 | AC25: 24 | AD25: 28 | AE25: 25 | AF25: 25 | AG25: 21 | AH25: 21 | AI25: 20 | AJ25: 25 | AK25: 22 | AL25: 20 | AM25: 21 | AN25: 20 | AO25: 23 | AP25: 22 | AQ25: 28
A26: Köperlänge | B26: yi | C26: 187 | D26: 178 | E26: 170 | F26: 170 | G26: 171 | H26: 193 | I26: 168 | J26: 160 | K26: 163 | L26: 161 | M26: 160 | N26: 164 | O26: 174 | P26: 160 | Q26: 163 | R26: 193 | S26: 184 | T26: 185 | U26: 163 | V26: 182 | W26: 185 | X26: 170 | Y26: 180 | Z26: 182 | AA26: 185 | AB26: 182 | AC26: 183 | AD26: 169 | AE26: 187 | AF26: 183 | AG26: 165 | AH26: 176 | AI26: 180 | AJ26: 172 | AK26: 170 | AL26: 170 | AM26: 173 | AN26: 174 | AO26: 189 | AP26: 180 | AQ26: 190
A27: Berufsausb. | B27: bi | C27: n | D27: n | E27: n | F27: n | G27: n | H27: j | I27: n | J27: n | K27: n | L27: n | M27: n | N27: j | O27: n | P27: n | Q27: n | R27: n | S27: n | T27: n | U27: n | V27: n | W27: n | X27: n | Y27: n | Z27: n | AA27: n | AB27: j | AC27: n | AD27: j | AE27: j | AF27: j | AG27: n | AH27: n | AI27: n | AJ27: j | AK27: n | AL27: n | AM27: n | AN27: n | AO27: j | AP27: n | AQ27: j
A28: Geschlecht | B28: gi | C28: m | D28: m | E28: m | F28: m | G28: m | H28: m | I28: w | J28: w | K28: w | L28: w | M28: w | N28: m | O28: m | P28: w | Q28: w | R28: m | S28: m | T28: m | U28: w | V28: m | W28: m | X28: m | Y28: m | Z28: m | AA28: m | AB28: m | AC28: m | AD28: w | AE28: m | AF28: m | AG28: m | AH28: m | AI28: m | AJ28: w | AK28: w | AL28: w | AM28: w | AN28: w | AO28: m | AP28: m | AQ28: m
C31: Urliste Zug b | F31: =COUNT(C33:BT33) -> 29 | G31: Elemente
A32: Element# | B32: wi | C32: 1 | D32: 2 | E32: 3 | F32: 4 | G32: 5 | H32: 6 | I32: 7 | J32: 8 | K32: 9 | L32: 10 | M32: 11 | N32: 12 | O32: 13 | P32: 14 | Q32: 15 | R32: 16 | S32: 17 | T32: 18 | U32: 19 | V32: 20 | W32: 21 | X32: 22 | Y32: 23 | Z32: 24 | AA32: 25 | AB32: 26 | AC32: 27 | AD32: 28 | AE32: 29 | AF32: 30 | AG32: 31 | AH32: 32 | AI32: 33 | AJ32: 34 | AK32: 35 | AL32: 36 | AM32: 37 | AN32: 38 | AO32: 39 | AP32: 40 | AQ32: 41 | AR32: 42 | AS32: 43 | AT32: 44 | AU32: 45 | AV32: 46 | AW32: 47 | AX32: 48 | AY32: 49 | AZ32: 50 | BA32: 51 | BB32: 52 | BC32: 53 | BD32: 54 | BE32: 55 | BF32: 56 | BG32: 57 | BH32: 58 | BI32: 59 | BJ32: 60 | BK32: 61 | BL32: 62 | BM32: 63 | BN32: 64 | BO32: 65 | BP32: 66 | BQ32: 67 | BR32: 68 | BS32: 69 | BT32: 70
A33: Alter | B33: xi | C33: 26 | D33: 21 | E33: 23 | F33: 22 | G33: 20 | H33: 24 | I33: 20 | J33: 19 | K33: 23 | L33: 22 | M33: 26 | N33: 20 | O33: 25 | P33: 22 | Q33: 25 | R33: 22 | S33: 26 | T33: 25 | U33: 22 | V33: 23 | W33: 23 | X33: 23 | Y33: 20 | Z33: 26 | AA33: 21 | AB33: 25 | AC33: 25 | AD33: 22 | AE33: 23
A34: Köperlänge | B34: yi | C34: 184 | D34: 176 | E34: 176 | F34: 188 | G34: 185 | H34: 182 | I34: 183 | J34: 182 | K34: 185 | L34: 160 | M34: 175 | N34: 195 | O34: 176 | P34: 165 | Q34: 180 | R34: 170 | S34: 185 | T34: 178 | U34: 184 | V34: 155 | W34: 178 | X34: 176 | Y34: 183 | Z34: 185 | AA34: 174 | AB34: 176 | AC34: 170 | AD34: 165 | AE34: 160
A35: Berufsausb. | B35: bi | C35: j | D35: n | E35: j | F35: n | G35: n | H35: n | I35: n | J35: n | K35: n | L35: n | M35: j | N35: n | O35: j | P35: n | Q35: n | R35: n | S35: j | T35: n | U35: n | V35: j | W35: n | X35: j | Y35: n | Z35: n | AA35: n | AB35: j | AC35: n | AD35: n | AE35: n
A36: Geschlecht | B36: gi | C36: m | D36: m | E36: m | F36: m | G36: m | H36: m | I36: m | J36: w | K36: m | L36: w | M36: m | N36: m | O36: w | P36: w | Q36: m | R36: m | S36: m | T36: m | U36: m | V36: w | W36: m | X36: m | Y36: m | Z36: m | AA36: w | AB36: w | AC36: m | AD36: w | AE36: w

Sheet Häufigkeiten
A1: Urliste gesamt (Züge a & b) | Q1: Urliste 1 (Zug a) | AG1: Urliste 2 (Zug b)
A2: Alter | E2: Körperlänge | I2: Berufsausbildung | M2: Geschlecht | Q2: Alter | U2: Körperlänge | Y2: Berufsausbildung | AC2: Geschlecht | AG2: Alter | AK2: Körperlänge | AO2: Berufsausbildung | AS2: Geschlecht
B4: =SUM(B7:B100) -> 70 | C4: =SUM(C7:C100) -> 1 | F4: =SUM(F7:F100) -> 70 | G4: =SUM(G7:G100) -> 1 | J4: =SUM(J7:J8) -> 70 | K4: =SUM(K7:K8) -> 1 | N4: =SUM(N7:N8) -> 70 | O4: =SUM(O7:O8) -> 1 | R4: =SUM(R7:R100) -> 41 | S4: =SUM(S7:S100) -> 1 | V4: =SUM(V7:V100) -> 41 | W4: =SUM(W7:W100) -> 1 | Z4: =SUM(Z7:Z8) -> 41 | AA4: =SUM(AA7:AA8) -> 1 | AD4: =SUM(AD7:AD8) -> 41 | AE4: =SUM(AE7:AE8) -> 1 | AH4: =SUM(AH7:AH100) -> 29 | AI4: =SUM(AI7:AI100) -> 1 | AL4: =SUM(AL7:AL100) -> 29 | AM4: =SUM(AM7:AM100) -> 1 | AP4: =SUM(AP7:AP8) -> 29 | AQ4: =SUM(AQ7:AQ8) -> 1 | AT4: =SUM(AT7:AT8) -> 29 | AU4: =SUM(AU7:AU8) -> 1
A6: xi | B6: ni | C6: hi | E6: yi | F6: ni | G6: hi | I6: bi | J6: ni | K6: hi | M6: gi | N6: ni | O6: hi | Q6: xi | R6: ni | S6: hi | U6: yi | V6: ni | W6: hi | Y6: bi | Z6: ni | AA6: hi | AC6: gi | AD6: ni | AE6: hi | AG6: xi | AH6: ni | AI6: hi | AK6: yi | AL6: ni | AM6: hi | AO6: bi | AP6: ni | AQ6: hi | AS6: gi | AT6: ni | AU6: hi
A7: 18 | B7: =COUNTIF(Urlisten!$C$15:$EL$15,A7) -> 0 | C7: =B7/$B$4 -> 0 | E7: 155 | F7: =COUNTIF(Urlisten!$C$16:$EL$16,E7) -> 1 | G7: =F7/$F$4 -> 0.014285714 | I7: j | J7: =COUNTIF(Urlisten!$C$17:$EL$17,I7) -> 17 | K7: =J7/$J$4 -> 0.24285714 | M7: m | N7: =COUNTIF(Urlisten!$C$18:$EL$18,M7) -> 47 | O7: =N7/$N$4 -> 0.67142857 | Q7: =A7 -> 18 | R7: =COUNTIF(Urlisten!$C$25:$BT$25,Q7) -> 0 | S7: =R7/R$4 -> 0 | U7: =E7 -> 155 | V7: =COUNTIF(Urlisten!$C$26:$BT$26,U7) -> 0 | W7: =V7/V$4 -> 0 | Y7: j | Z7: =COUNTIF(Urlisten!$C$27:$BT$27,Y7) -> 9 | AA7: =Z7/Z$4 -> 0.2195122 | AC7: m | AD7: =COUNTIF(Urlisten!$C$28:$BT$28,AC7) -> 27 | AE7: =AD7/AD$4 -> 0.65853659 | AG7: =A7 -> 18 | AH7: =COUNTIF(Urlisten!$C$33:$BT$33,AG7) -> 0 | AI7: =AH7/AH$4 -> 0 | AK7: =E7 -> 155 | AL7: =COUNTIF(Urlisten!$C$34:$BT$34,AK7) -> 1 | AM7: =AL7/AL$4 -> 0.034482759 | AO7: j | AP7: =COUNTIF(Urlisten!$C$35:$BT$35,AO7) -> 8 | AQ7: =AP7/AP$4 -> 0.27586207 | AS7: m | AT7: =COUNTIF(Urlisten!$C$36:$BT$36,AS7) -> 20 | AU7: =AT7/AT$4 -> 0.68965517
A8: =A7+1 -> 19 | B8: =COUNTIF(Urlisten!$C$15:$EL$15,A8) -> 3 | C8: =B8/$B$4 -> 0.042857143 | E8: =E7+1 -> 156 | F8: =COUNTIF(Urlisten!$C$16:$EL$16,E8) -> 0 | G8: =F8/$F$4 -> 0 | I8: n | J8: =COUNTIF(Urlisten!$C$17:$EL$17,I8) -> 53 | K8: =J8/$J$4 -> 0.75714286 | M8: w | N8: =COUNTIF(Urlisten!$C$18:$EL$18,M8) -> 23 | O8: =N8/$N$4 -> 0.32857143 | Q8: =Q7+1 -> 19 | R8: =COUNTIF(Urlisten!$C$25:$BT$25,Q8) -> 2 | S8: =R8/R$4 -> 0.048780488 | U8: =U7+1 -> 156 | V8: =COUNTIF(Urlisten!$C$26:$BT$26,U8) -> 0 | W8: =V8/V$4 -> 0 | Y8: n | Z8: =COUNTIF(Urlisten!$C$27:$BT$27,Y8) -> 32 | AA8: =Z8/Z$4 -> 0.7804878 | AC8: w | AD8: =COUNTIF(Urlisten!$C$28:$BT$28,AC8) -> 14 | AE8: =AD8/AD$4 -> 0.34146341 | AG8: =AG7+1 -> 19 | AH8: =COUNTIF(Urlisten!$C$33:$BT$33,AG8) -> 1 | AI8: =AH8/AH$4 -> 0.034482759 | AK8: =AK7+1 -> 156 | AL8: =COUNTIF(Urlisten!$C$34:$BT$34,AK8) -> 0 | AM8: =AL8/AL$4 -> 0 | AO8: n | AP8: =COUNTIF(Urlisten!$C$35:$BT$35,AO8) -> 21 | AQ8: =AP8/AP$4 -> 0.72413793 | AS8: w | AT8: =COUNTIF(Urlisten!$C$36:$BT$36,AS8) -> 9 | AU8: =AT8/AT$4 -> 0.31034483
A9: =A8+1 -> 20 | B9: =COUNTIF(Urlisten!$C$15:$EL$15,A9) -> 10 | C9: =B9/$B$4 -> 0.14285714 | E9: =E8+1 -> 157 | F9: =COUNTIF(Urlisten!$C$16:$EL$16,E9) -> 0 | G9: =F9/$F$4 -> 0 | Q9: =Q8+1 -> 20 | R9: =COUNTIF(Urlisten!$C$25:$BT$25,Q9) -> 6 | S9: =R9/R$4 -> 0.14634146 | U9: =U8+1 -> 157 | V9: =COUNTIF(Urlisten!$C$26:$BT$26,U9) -> 0 | W9: =V9/V$4 -> 0 | AG9: =AG8+1 -> 20 | AH9: =COUNTIF(Urlisten!$C$33:$BT$33,AG9) -> 4 | AI9: =AH9/AH$4 -> 0.13793103 | AK9: =AK8+1 -> 157 | AL9: =COUNTIF(Urlisten!$C$34:$BT$34,AK9) -> 0 | AM9: =AL9/AL$4 -> 0
A10: =A9+1 -> 21 | B10: =COUNTIF(Urlisten!$C$15:$EL$15,A10) -> 11 | C10: =B10/$B$4 -> 0.15714286 | E10: =E9+1 -> 158 | F10: =COUNTIF(Urlisten!$C$16:$EL$16,E10) -> 0 | G10: =F10/$F$4 -> 0 | Q10: =Q9+1 -> 21 | R10: =COUNTIF(Urlisten!$C$25:$BT$25,Q10) -> 9 | S10: =R10/R$4 -> 0.2195122 | U10: =U9+1 -> 158 | V10: =COUNTIF(Urlisten!$C$26:$BT$26,U10) -> 0 | W10: =V10/V$4 -> 0 | AG10: =AG9+1 -> 21 | AH10: =COUNTIF(Urlisten!$C$33:$BT$33,AG10) -> 2 | AI10: =AH10/AH$4 -> 0.068965517 | AK10: =AK9+1 -> 158 | AL10: =COUNTIF(Urlisten!$C$34:$BT$34,AK10) -> 0 | AM10: =AL10/AL$4 -> 0
A11: =A10+1 -> 22 | B11: =COUNTIF(Urlisten!$C$15:$EL$15,A11) -> 14 | C11: =B11/$B$4 -> 0.2 | E11: =E10+1 -> 159 | F11: =COUNTIF(Urlisten!$C$16:$EL$16,E11) -> 0 | G11: =F11/$F$4 -> 0 | Q11: =Q10+1 -> 22 | R11: =COUNTIF(Urlisten!$C$25:$BT$25,Q11) -> 8 | S11: =R11/R$4 -> 0.19512195 | U11: =U10+1 -> 159 | V11: =COUNTIF(Urlisten!$C$26:$BT$26,U11) -> 0 | W11: =V11/V$4 -> 0 | AG11: =AG10+1 -> 22 | AH11: =COUNTIF(Urlisten!$C$33:$BT$33,AG11) -> 6 | AI11: =AH11/AH$4 -> 0.20689655 | AK11: =AK10+1 -> 159 | AL11: =COUNTIF(Urlisten!$C$34:$BT$34,AK11) -> 0 | AM11: =AL11/AL$4 -> 0
A12: =A11+1 -> 23 | B12: =COUNTIF(Urlisten!$C$15:$EL$15,A12) -> 9 | C12: =B12/$B$4 -> 0.12857143 | E12: =E11+1 -> 160 | F12: =COUNTIF(Urlisten!$C$16:$EL$16,E12) -> 5 | G12: =F12/$F$4 -> 0.071428571 | Q12: =Q11+1 -> 23 | R12: =COUNTIF(Urlisten!$C$25:$BT$25,Q12) -> 3 | S12: =R12/R$4 -> 0.073170732 | U12: =U11+1 -> 160 | V12: =COUNTIF(Urlisten!$C$26:$BT$26,U12) -> 3 | W12: =V12/V$4 -> 0.073170732 | AG12: =AG11+1 -> 23 | AH12: =COUNTIF(Urlisten!$C$33:$BT$33,AG12) -> 6 | AI12: =AH12/AH$4 -> 0.20689655 | AK12: =AK11+1 -> 160 | AL12: =COUNTIF(Urlisten!$C$34:$BT$34,AK12) -> 2 | AM12: =AL12/AL$4 -> 0.068965517
A13: =A12+1 -> 24 | B13: =COUNTIF(Urlisten!$C$15:$EL$15,A13) -> 6 | C13: =B13/$B$4 -> 0.085714286 | E13: =E12+1 -> 161 | F13: =COUNTIF(Urlisten!$C$16:$EL$16,E13) -> 1 | G13: =F13/$F$4 -> 0.014285714 | Q13: =Q12+1 -> 24 | R13: =COUNTIF(Urlisten!$C$25:$BT$25,Q13) -> 5 | S13: =R13/R$4 -> 0.12195122 | U13: =U12+1 -> 161 | V13: =COUNTIF(Urlisten!$C$26:$BT$26,U13) -> 1 | W13: =V13/V$4 -> 0.024390244 | AG13: =AG12+1 -> 24 | AH13: =COUNTIF(Urlisten!$C$33:$BT$33,AG13) -> 1 | AI13: =AH13/AH$4 -> 0.034482759 | AK13: =AK12+1 -> 161 | AL13: =COUNTIF(Urlisten!$C$34:$BT$34,AK13) -> 0 | AM13: =AL13/AL$4 -> 0
A14: =A13+1 -> 25 | B14: =COUNTIF(Urlisten!$C$15:$EL$15,A14) -> 8 | C14: =B14/$B$4 -> 0.11428571 | E14: =E13+1 -> 162 | F14: =COUNTIF(Urlisten!$C$16:$EL$16,E14) -> 0 | G14: =F14/$F$4 -> 0 | Q14: =Q13+1 -> 25 | R14: =COUNTIF(Urlisten!$C$25:$BT$25,Q14) -> 3 | S14: =R14/R$4 -> 0.073170732 | U14: =U13+1 -> 162 | V14: =COUNTIF(Urlisten!$C$26:$BT$26,U14) -> 0 | W14: =V14/V$4 -> 0 | AG14: =AG13+1 -> 25 | AH14: =COUNTIF(Urlisten!$C$33:$BT$33,AG14) -> 5 | AI14: =AH14/AH$4 -> 0.17241379 | AK14: =AK13+1 -> 162 | AL14: =COUNTIF(Urlisten!$C$34:$BT$34,AK14) -> 0 | AM14: =AL14/AL$4 -> 0
A15: =A14+1 -> 26 | B15: =COUNTIF(Urlisten!$C$15:$EL$15,A15) -> 6 | C15: =B15/$B$4 -> 0.085714286 | E15: =E14+1 -> 163 | F15: =COUNTIF(Urlisten!$C$16:$EL$16,E15) -> 3 | G15: =F15/$F$4 -> 0.042857143 | Q15: =Q14+1 -> 26 | R15: =COUNTIF(Urlisten!$C$25:$BT$25,Q15) -> 2 | S15: =R15/R$4 -> 0.048780488 | U15: =U14+1 -> 163 | V15: =COUNTIF(Urlisten!$C$26:$BT$26,U15) -> 3 | W15: =V15/V$4 -> 0.073170732 | AG15: =AG14+1 -> 26 | AH15: =COUNTIF(Urlisten!$C$33:$BT$33,AG15) -> 4 | AI15: =AH15/AH$4 -> 0.13793103 | AK15: =AK14+1 -> 163 | AL15: =COUNTIF(Urlisten!$C$34:$BT$34,AK15) -> 0 | AM15: =AL15/AL$4 -> 0
A16: =A15+1 -> 27 | B16: =COUNTIF(Urlisten!$C$15:$EL$15,A16) -> 1 | C16: =B16/$B$4 -> 0.014285714 | E16: =E15+1 -> 164 | F16: =COUNTIF(Urlisten!$C$16:$EL$16,E16) -> 1 | G16: =F16/$F$4 -> 0.014285714 | Q16: =Q15+1 -> 27 | R16: =COUNTIF(Urlisten!$C$25:$BT$25,Q16) -> 1 | S16: =R16/R$4 -> 0.024390244 | U16: =U15+1 -> 164 | V16: =COUNTIF(Urlisten!$C$26:$BT$26,U16) -> 1 | W16: =V16/V$4 -> 0.024390244 | AG16: =AG15+1 -> 27 | AH16: =COUNTIF(Urlisten!$C$33:$BT$33,AG16) -> 0 | AI16: =AH16/AH$4 -> 0 | AK16: =AK15+1 -> 164 | AL16: =COUNTIF(Urlisten!$C$34:$BT$34,AK16) -> 0 | AM16: =AL16/AL$4 -> 0
A17: =A16+1 -> 28 | B17: =COUNTIF(Urlisten!$C$15:$EL$15,A17) -> 2 | C17: =B17/$B$4 -> 0.028571429 | E17: =E16+1 -> 165 | F17: =COUNTIF(Urlisten!$C$16:$EL$16,E17) -> 3 | G17: =F17/$F$4 -> 0.042857143 | Q17: =Q16+1 -> 28 | R17: =COUNTIF(Urlisten!$C$25:$BT$25,Q17) -> 2 | S17: =R17/R$4 -> 0.048780488 | U17: =U16+1 -> 165 | V17: =COUNTIF(Urlisten!$C$26:$BT$26,U17) -> 1 | W17: =V17/V$4 -> 0.024390244 | AG17: =AG16+1 -> 28 | AH17: =COUNTIF(Urlisten!$C$33:$BT$33,AG17) -> 0 | AI17: =AH17/AH$4 -> 0 | AK17: =AK16+1 -> 165 | AL17: =COUNTIF(Urlisten!$C$34:$BT$34,AK17) -> 2 | AM17: =AL17/AL$4 -> 0.068965517
A18: =A17+1 -> 29 | B18: =COUNTIF(Urlisten!$C$15:$EL$15,A18) -> 0 | C18: =B18/$B$4 -> 0 | E18: =E17+1 -> 166 | F18: =COUNTIF(Urlisten!$C$16:$EL$16,E18) -> 0 | G18: =F18/$F$4 -> 0 | Q18: =Q17+1 -> 29 | R18: =COUNTIF(Urlisten!$C$25:$BT$25,Q18) -> 0 | S18: =R18/R$4 -> 0 | U18: =U17+1 -> 166 | V18: =COUNTIF(Urlisten!$C$26:$BT$26,U18) -> 0 | W18: =V18/V$4 -> 0 | AG18: =AG17+1 -> 29 | AH18: =COUNTIF(Urlisten!$C$33:$BT$33,AG18) -> 0 | AI18: =AH18/AH$4 -> 0 | AK18: =AK17+1 -> 166 | AL18: =COUNTIF(Urlisten!$C$34:$BT$34,AK18) -> 0 | AM18: =AL18/AL$4 -> 0
A19: =A18+1 -> 30 | B19: =COUNTIF(Urlisten!$C$15:$EL$15,A19) -> 0 | C19: =B19/$B$4 -> 0 | E19: =E18+1 -> 167 | F19: =COUNTIF(Urlisten!$C$16:$EL$16,E19) -> 0 | G19: =F19/$F$4 -> 0 | Q19: =Q18+1 -> 30 | R19: =COUNTIF(Urlisten!$C$25:$BT$25,Q19) -> 0 | S19: =R19/R$4 -> 0 | U19: =U18+1 -> 167 | V19: =COUNTIF(Urlisten!$C$26:$BT$26,U19) -> 0 | W19: =V19/V$4 -> 0 | AG19: =AG18+1 -> 30 | AH19: =COUNTIF(Urlisten!$C$33:$BT$33,AG19) -> 0 | AI19: =AH19/AH$4 -> 0 | AK19: =AK18+1 -> 167 | AL19: =COUNTIF(Urlisten!$C$34:$BT$34,AK19) -> 0 | AM19: =AL19/AL$4 -> 0
A20: =A19+1 -> 31 | B20: =COUNTIF(Urlisten!$C$15:$EL$15,A20) -> 0 | C20: =B20/$B$4 -> 0 | E20: =E19+1 -> 168 | F20: =COUNTIF(Urlisten!$C$16:$EL$16,E20) -> 1 | G20: =F20/$F$4 -> 0.014285714 | Q20: =Q19+1 -> 31 | R20: =COUNTIF(Urlisten!$C$25:$BT$25,Q20) -> 0 | S20: =R20/R$4 -> 0 | U20: =U19+1 -> 168 | V20: =COUNTIF(Urlisten!$C$26:$BT$26,U20) -> 1 | W20: =V20/V$4 -> 0.024390244 | AG20: =AG19+1 -> 31 | AH20: =COUNTIF(Urlisten!$C$33:$BT$33,AG20) -> 0 | AI20: =AH20/AH$4 -> 0 | AK20: =AK19+1 -> 168 | AL20: =COUNTIF(Urlisten!$C$34:$BT$34,AK20) -> 0 | AM20: =AL20/AL$4 -> 0
... A31: =A30+1 -> 42 | B31: =COUNTIF(Urlisten!$C$15:$EL$15,A31) -> 0 | C31: =B31/$B$4 -> 0 | E31: =E30+1 -> 179 | F31: =COUNTIF(Urlisten!$C$16:$EL$16,E31) -> 0 | G31: =F31/$F$4 -> 0 | Q31: =Q30+1 -> 42 | R31: =COUNTIF(Urlisten!$C$25:$BT$25,Q31) -> 0 | S31: =R31/R$4 -> 0 | U31: =U30+1 -> 179 | V31: =COUNTIF(Urlisten!$C$26:$BT$26,U31) -> 0 | W31: =V31/V$4 -> 0 | AG31: =AG30+1 -> 42 | AH31: =COUNTIF(Urlisten!$C$33:$BT$33,AG31) -> 0 | AI31: =AH31/AH$4 -> 0 | AK31: =AK30+1 -> 179 | AL31: =COUNTIF(Urlisten!$C$34:$BT$34,AK31) -> 0 | AM31: =AL31/AL$4 -> 0
E32: =E31+1 -> 180 | F32: =COUNTIF(Urlisten!$C$16:$EL$16,E32) -> 4 | G32: =F32/$F$4 -> 0.057142857 | U32: =U31+1 -> 180 | V32: =COUNTIF(Urlisten!$C$26:$BT$26,U32) -> 3 | W32: =V32/V$4 -> 0.073170732 | AK32: =AK31+1 -> 180 | AL32: =COUNTIF(Urlisten!$C$34:$BT$34,AK32) -> 1 | AM32: =AL32/AL$4 -> 0.034482759
E33: =E32+1 -> 181 | F33: =COUNTIF(Urlisten!$C$16:$EL$16,E33) -> 0 | G33: =F33/$F$4 -> 0 | U33: =U32+1 -> 181 | V33: =COUNTIF(Urlisten!$C$26:$BT$26,U33) -> 0 | W33: =V33/V$4 -> 0 | AK33: =AK32+1 -> 181 | AL33: =COUNTIF(Urlisten!$C$34:$BT$34,AK33) -> 0 | AM33: =AL33/AL$4 -> 0
E34: =E33+1 -> 182 | F34: =COUNTIF(Urlisten!$C$16:$EL$16,E34) -> 5 | G34: =F34/$F$4 -> 0.071428571 | U34: =U33+1 -> 182 | V34: =COUNTIF(Urlisten!$C$26:$BT$26,U34) -> 3 | W34: =V34/V$4 -> 0.073170732 | AK34: =AK33+1 -> 182 | AL34: =COUNTIF(Urlisten!$C$34:$BT$34,AK34) -> 2 | AM34: =AL34/AL$4 -> 0.068965517
E35: =E34+1 -> 183 | F35: =COUNTIF(Urlisten!$C$16:$EL$16,E35) -> 4 | G35: =F35/$F$4 -> 0.057142857 | U35: =U34+1 -> 183 | V35: =COUNTIF(Urlisten!$C$26:$BT$26,U35) -> 2 | W35: =V35/V$4 -> 0.048780488 | AK35: =AK34+1 -> 183 | AL35: =COUNTIF(Urlisten!$C$34:$BT$34,AK35) -> 2 | AM35: =AL35/AL$4 -> 0.068965517
E36: =E35+1 -> 184 | F36: =COUNTIF(Urlisten!$C$16:$EL$16,E36) -> 3 | G36: =F36/$F$4 -> 0.042857143 | U36: =U35+1 -> 184 | V36: =COUNTIF(Urlisten!$C$26:$BT$26,U36) -> 1 | W36: =V36/V$4 -> 0.024390244 | AK36: =AK35+1 -> 184 | AL36: =COUNTIF(Urlisten!$C$34:$BT$34,AK36) -> 2 | AM36: =AL36/AL$4 -> 0.068965517
E37: =E36+1 -> 185 | F37: =COUNTIF(Urlisten!$C$16:$EL$16,E37) -> 7 | G37: =F37/$F$4 -> 0.1 | U37: =U36+1 -> 185 | V37: =COUNTIF(Urlisten!$C$26:$BT$26,U37) -> 3 | W37: =V37/V$4 -> 0.073170732 | AK37: =AK36+1 -> 185 | AL37: =COUNTIF(Urlisten!$C$34:$BT$34,AK37) -> 4 | AM37: =AL37/AL$4 -> 0.13793103
E38: =E37+1 -> 186 | F38: =COUNTIF(Urlisten!$C$16:$EL$16,E38) -> 0 | G38: =F38/$F$4 -> 0 | U38: =U37+1 -> 186 | V38: =COUNTIF(Urlisten!$C$26:$BT$26,U38) -> 0 | W38: =V38/V$4 -> 0 | AK38: =AK37+1 -> 186 | AL38: =COUNTIF(Urlisten!$C$34:$BT$34,AK38) -> 0 | AM38: =AL38/AL$4 -> 0
E39: =E38+1 -> 187 | F39: =COUNTIF(Urlisten!$C$16:$EL$16,E39) -> 2 | G39: =F39/$F$4 -> 0.028571429 | U39: =U38+1 -> 187 | V39: =COUNTIF(Urlisten!$C$26:$BT$26,U39) -> 2 | W39: =V39/V$4 -> 0.048780488 | AK39: =AK38+1 -> 187 | AL39: =COUNTIF(Urlisten!$C$34:$BT$34,AK39) -> 0 | AM39: =AL39/AL$4 -> 0
E40: =E39+1 -> 188 | F40: =COUNTIF(Urlisten!$C$16:$EL$16,E40) -> 1 | G40: =F40/$F$4 -> 0.014285714 | U40: =U39+1 -> 188 | V40: =COUNTIF(Urlisten!$C$26:$BT$26,U40) -> 0 | W40: =V40/V$4 -> 0 | AK40: =AK39+1 -> 188 | AL40: =COUNTIF(Urlisten!$C$34:$BT$34,AK40) -> 1 | AM40: =AL40/AL$4 -> 0.034482759
E41: =E40+1 -> 189 | F41: =COUNTIF(Urlisten!$C$16:$EL$16,E41) -> 1 | G41: =F41/$F$4 -> 0.014285714 | U41: =U40+1 -> 189 | V41: =COUNTIF(Urlisten!$C$26:$BT$26,U41) -> 1 | W41: =V41/V$4 -> 0.024390244 | AK41: =AK40+1 -> 189 | AL41: =COUNTIF(Urlisten!$C$34:$BT$34,AK41) -> 0 | AM41: =AL41/AL$4 -> 0
E42: =E41+1 -> 190 | F42: =COUNTIF(Urlisten!$C$16:$EL$16,E42) -> 1 | G42: =F42/$F$4 -> 0.014285714 | U42: =U41+1 -> 190 | V42: =COUNTIF(Urlisten!$C$26:$BT$26,U42) -> 1 | W42: =V42/V$4 -> 0.024390244 | AK42: =AK41+1 -> 190 | AL42: =COUNTIF(Urlisten!$C$34:$BT$34,AK42) -> 0 | AM42: =AL42/AL$4 -> 0
E43: =E42+1 -> 191 | F43: =COUNTIF(Urlisten!$C$16:$EL$16,E43) -> 0 | G43: =F43/$F$4 -> 0 | U43: =U42+1 -> 191 | V43: =COUNTIF(Urlisten!$C$26:$BT$26,U43) -> 0 | W43: =V43/V$4 -> 0 | AK43: =AK42+1 -> 191 | AL43: =COUNTIF(Urlisten!$C$34:$BT$34,AK43) -> 0 | AM43: =AL43/AL$4 -> 0
... E51: =E50+1 -> 199 | F51: =COUNTIF(Urlisten!$C$16:$EL$16,E51) -> 0 | G51: =F51/$F$4 -> 0 | U51: =U50+1 -> 199 | V51: =COUNTIF(Urlisten!$C$26:$BT$26,U51) -> 0 | W51: =V51/V$4 -> 0 | AK51: =AK50+1 -> 199 | AL51: =COUNTIF(Urlisten!$C$34:$BT$34,AK51) -> 0 | AM51: =AL51/AL$4 -> 0

Sheet Häufigkeiten 2
A1: Urliste gesamt (Züge a & b) | Q1: Urliste 1 (Zug a) | AG1: Urliste 2 (Zug b)
A2: Alter | E2: Körperlänge | I2: Berufsausbildung | M2: Geschlecht | Q2: Alter | U2: Körperlänge | Y2: Berufsausbildung | AC2: Geschlecht | AG2: Alter | AK2: Körperlänge | AO2: Berufsausbildung | AS2: Geschlecht
B4: =SUM(B7:B85) -> 70 | C4: =SUM(C7:C85) -> 1 | F4: =SUM(F7:F82) -> 70 | G4: =SUM(G7:G82) -> 1 | J4: =SUM(J7:J8) -> 70 | K4: =SUM(K7:K8) -> 1 | N4: =SUM(N7:N8) -> 70 | O4: =SUM(O7:O8) -> 1 | R4: =SUM(R7:R85) -> 41 | S4: =SUM(S7:S85) -> 1 | V4: =SUM(V7:V78) -> 41 | W4: =SUM(W7:W78) -> 1 | Z4: =SUM(Z7:Z8) -> 41 | AA4: =SUM(AA7:AA8) -> 1 | AD4: =SUM(AD7:AD8) -> 41 | AE4: =SUM(AE7:AE8) -> 1 | AH4: =SUM(AH7:AH83) -> 29 | AI4: =SUM(AI7:AI83) -> 1 | AL4: =SUM(AL7:AL70) -> 29 | AM4: =SUM(AM7:AM70) -> 1 | AP4: =SUM(AP7:AP8) -> 29 | AQ4: =SUM(AQ7:AQ8) -> 1 | AT4: =SUM(AT7:AT8) -> 29 | AU4: =SUM(AU7:AU8) -> 1
A6: xi | B6: ni | C6: hi | E6: yi | F6: ni | G6: hi | I6: bi | J6: ni | K6: hi | M6: gi | N6: ni | O6: hi | Q6: xi | R6: ni | S6: hi | U6: yi | V6: ni | W6: hi | Y6: bi | Z6: ni | AA6: hi | AC6: gi | AD6: ni | AE6: hi | AG6: xi | AH6: ni | AI6: hi | AK6: yi | AL6: ni | AM6: hi | AO6: bi | AP6: ni | AQ6: hi | AS6: gi | AT6: ni | AU6: hi
A7: 19 | B7: 3 | C7: 0.042857143 | E7: 155 | F7: 1 | G7: 0.014285714 | I7: j | J7: 17 | K7: 0.24285714 | M7: m | N7: 47 | O7: 0.67142857 | Q7: 19 | R7: 2 | S7: 0.048780488 | U7: 160 | V7: 3 | W7: 0.073170732 | Y7: j | Z7: 9 | AA7: 0.2195122 | AC7: m | AD7: 27 | AE7: 0.65853659 | AG7: 19 | AH7: 1 | AI7: 0.034482759 | AK7: 155 | AL7: 1 | AM7: 0.034482759 | AO7: j | AP7: 8 | AQ7: 0.27586207 | AS7: m | AT7: 20 | AU7: 0.68965517
A8: 20 | B8: 10 | C8: 0.14285714 | E8: 160 | F8: 5 | G8: 0.071428571 | I8: n | J8: 53 | K8: 0.75714286 | M8: w | N8: 23 | O8: 0.32857143 | Q8: 20 | R8: 6 | S8: 0.14634146 | U8: 161 | V8: 1 | W8: 0.024390244 | Y8: n | Z8: 32 | AA8: 0.7804878 | AC8: w | AD8: 14 | AE8: 0.34146341 | AG8: 20 | AH8: 4 | AI8: 0.13793103 | AK8: 160 | AL8: 2 | AM8: 0.068965517 | AO8: n | AP8: 21 | AQ8: 0.72413793 | AS8: w | AT8: 9 | AU8: 0.31034483
A9: 21 | B9: 11 | C9: 0.15714286 | E9: 161 | F9: 1 | G9: 0.014285714 | Q9: 21 | R9: 9 | S9: 0.2195122 | U9: 163 | V9: 3 | W9: 0.073170732 | AG9: 21 | AH9: 2 | AI9: 0.068965517 | AK9: 165 | AL9: 2 | AM9: 0.068965517
A10: 22 | B10: 14 | C10: 0.2 | E10: 163 | F10: 3 | G10: 0.042857143 | Q10: 22 | R10: 8 | S10: 0.19512195 | U10: 164 | V10: 1 | W10: 0.024390244 | AG10: 22 | AH10: 6 | AI10: 0.20689655 | AK10: 170 | AL10: 2 | AM10: 0.068965517
A11: 23 | B11: 9 | C11: 0.12857143 | E11: 164 | F11: 1 | G11: 0.014285714 | Q11: 23 | R11: 3 | S11: 0.073170732 | U11: 165 | V11: 1 | W11: 0.024390244 | AG11: 23 | AH11: 6 | AI11: 0.20689655 | AK11: 174 | AL11: 1 | AM11: 0.034482759
A12: 24 | B12: 6 | C12: 0.085714286 | E12: 165 | F12: 3 | G12: 0.042857143 | Q12: 24 | R12: 5 | S12: 0.12195122 | U12: 168 | V12: 1 | W12: 0.024390244 | AG12: 24 | AH12: 1 | AI12: 0.034482759 | AK12: 175 | AL12: 1 | AM12: 0.034482759
A13: 25 | B13: 8 | C13: 0.11428571 | E13: 168 | F13: 1 | G13: 0.014285714 | Q13: 25 | R13: 3 | S13: 0.073170732 | U13: 169 | V13: 1 | W13: 0.024390244 | AG13: 25 | AH13: 5 | AI13: 0.17241379 | AK13: 176 | AL13: 5 | AM13: 0.17241379
A14: 26 | B14: 6 | C14: 0.085714286 | E14: 169 | F14: 1 | G14: 0.014285714 | Q14: 26 | R14: 2 | S14: 0.048780488 | U14: 170 | V14: 5 | W14: 0.12195122 | AG14: 26 | AH14: 4 | AI14: 0.13793103 | AK14: 178 | AL14: 2 | AM14: 0.068965517
A15: 27 | B15: 1 | C15: 0.014285714 | E15: 170 | F15: 7 | G15: 0.1 | Q15: 27 | R15: 1 | S15: 0.024390244 | U15: 171 | V15: 1 | W15: 0.024390244 | AK15: 180 | AL15: 1 | AM15: 0.034482759
A16: 28 | B16: 2 | C16: 0.028571429 | E16: 171 | F16: 1 | G16: 0.014285714 | Q16: 28 | R16: 2 | S16: 0.048780488 | U16: 172 | V16: 1 | W16: 0.024390244 | AK16: 182 | AL16: 2 | AM16: 0.068965517
E17: 172 | F17: 1 | G17: 0.014285714 | U17: 173 | V17: 1 | W17: 0.024390244 | AK17: 183 | AL17: 2 | AM17: 0.068965517
E18: 173 | F18: 1 | G18: 0.014285714 | U18: 174 | V18: 2 | W18: 0.048780488 | AK18: 184 | AL18: 2 | AM18: 0.068965517
E19: 174 | F19: 3 | G19: 0.042857143 | U19: 176 | V19: 1 | W19: 0.024390244 | AK19: 185 | AL19: 4 | AM19: 0.13793103
E20: 175 | F20: 1 | G20: 0.014285714 | U20: 178 | V20: 1 | W20: 0.024390244 | AK20: 188 | AL20: 1 | AM20: 0.034482759
E21: 176 | F21: 6 | G21: 0.085714286 | U21: 180 | V21: 3 | W21: 0.073170732 | AK21: 195 | AL21: 1 | AM21: 0.034482759
E22: 178 | F22: 3 | G22: 0.042857143 | U22: 182 | V22: 3 | W22: 0.073170732
E23: 180 | F23: 4 | G23: 0.057142857 | U23: 183 | V23: 2 | W23: 0.048780488
E24: 182 | F24: 5 | G24: 0.071428571 | U24: 184 | V24: 1 | W24: 0.024390244
E25: 183 | F25: 4 | G25: 0.057142857 | U25: 185 | V25: 3 | W25: 0.073170732
E26: 184 | F26: 3 | G26: 0.042857143 | U26: 187 | V26: 2 | W26: 0.048780488
E27: 185 | F27: 7 | G27: 0.1 | U27: 189 | V27: 1 | W27: 0.024390244
E28: 187 | F28: 2 | G28: 0.028571429 | U28: 190 | V28: 1 | W28: 0.024390244
E29: 188 | F29: 1 | G29: 0.014285714 | U29: 193 | V29: 2 | W29: 0.048780488
E30: 189 | F30: 1 | G30: 0.014285714
E31: 190 | F31: 1 | G31: 0.014285714
E32: 193 | F32: 2 | G32: 0.028571429
E33: 195 | F33: 1 | G33: 0.014285714
E36: =COUNT(E7:E33) -> 27

Sheet Tabellen Klassierte Maßzahlen
A3: i | B3: xi | C3: Di | D3: ni | E3: hi | F3: x̅i | G3: H(xi)
A4: 0 | B4: 18 | G4: 0 | I4: 19 | J4: 3 | K4: 0.042857143 | N4: 19 | O4: 20 | P4: 21 | Q4: 22 | R4: 23 | S4: 24 | T4: 25 | U4: 26 | V4: 27 | W4: 28
A5: 1 | B5: 20 | C5: =B5-B4 -> 2 | D5: =J4+J5 -> 13 | E5: =K4+K5 -> 0.18571429 | F5: =ROUND(SUMPRODUCT(I4:I5,J4:J5)/SUM(J4:J5),3) -> 19.769 | G5: =G4+E5 -> 0.18571429 | I5: 20 | J5: 10 | K5: 0.14285714 | N5: 3 | O5: 10 | P5: 11 | Q5: 14 | R5: 9 | S5: 6 | T5: 8 | U5: 6 | V5: 1 | W5: 2
A6: 2 | B6: 21 | C6: =B6-B5 -> 1 | D6: =J6 -> 11 | E6: =K6 -> 0.15714286 | F6: =21 -> 21 | G6: =G5+E6 -> 0.34285714 | I6: 21 | J6: 11 | K6: 0.15714286
A7: 3 | B7: 22 | C7: =B7-B6 -> 1 | D7: =J7 -> 14 | E7: =K7 -> 0.2 | F7: =22 -> 22 | G7: =G6+E7 -> 0.54285714 | I7: 22 | J7: 14 | K7: 0.2
A8: 4 | B8: 24 | C8: =B8-B7 -> 2 | D8: =J8+J9 -> 15 | E8: =K8+K9 -> 0.21428571 | F8: =ROUND(SUMPRODUCT(I8:I9,J8:J9)/SUM(J8:J9),3) -> 23.4 | G8: =G7+E8 -> 0.75714286 | I8: 23 | J8: 9 | K8: 0.12857143
A9: 5 | B9: 30 | C9: =B9-B8 -> 6 | D9: =SUM(J10:J13) -> 17 | E9: =SUM(K10:K13) -> 0.24285714 | F9: =ROUND(SUMPRODUCT(I10:I13,J10:J13)/SUM(J10:J13),3) -> 25.824 | G9: =G8+E9 -> 1 | I9: 24 | J9: 6 | K9: 0.085714286
I10: 25 | J10: 8 | K10: 0.11428571
B11: S | D11: =SUM(D5:D9) -> 70 | E11: =SUM(E5:E9) -> 1 | I11: 26 | J11: 6 | K11: 0.085714286
I12: 27 | J12: 1 | K12: 0.014285714 | M12: =ROUND(SUMPRODUCT(E5:E9,F5:F9),3) -> 22.657
I13: 28 | J13: 2 | K13: 0.028571429
J15: =SUM(J4:J13) -> 70
B17: 18 | C17: 0 | E17: 18 | F17: =0 -> 0
B18: 18 | C18: =F5 -> 19.769 | E18: 20 | F18: =E5+F17 -> 0.18571429
B19: 20 | C19: =F5 -> 19.769 | E19: 21 | F19: =E6+F18 -> 0.34285714
B20: 20 | C20: =F6 -> 21 | E20: 22 | F20: =E7+F19 -> 0.54285714
B21: 21 | C21: =F6 -> 21 | E21: 24 | F21: =E8+F20 -> 0.75714286
B22: 21 | C22: =F7 -> 22 | E22: 30 | F22: =E9+F21 -> 1
B23: 22 | C23: =F7 -> 22
B24: 22 | C24: =F8 -> 23.4
B25: 24 | C25: =F8 -> 23.4
B26: 24 | C26: =F9 -> 25.824
B27: 30 | C27: =F9 -> 25.824
B28: 30 | C28: =0 -> 0
A35: i | B35: xi | C35: Di | D35: ni | E35: hi | F35: y̅i | G35: H̅ (xi)
A36: 0 | B36: 155 | G36: 0 | I36: 155 | J36: 1 | K36: 0.014285714
A37: 1 | B37: 165 | C37: =B37-B36 -> 10 | D37: =SUM(J36:J40) -> 11 | E37: =SUM(K36:K40) -> 0.15714286 | F37: =ROUND(SUMPRODUCT(I36:I40,J36:J40)/SUM(J36:J40),3) -> 160.818 | G37: =G36+E37 -> 0.15714286 | I37: 160 | J37: 5 | K37: 0.071428571
A38: 2 | B38: 171 | C38: =B38-B37 -> 6 | D38: =SUM(J41:J44) -> 12 | E38: =SUM(K41:K44) -> 0.17142857 | F38: =ROUND(SUMPRODUCT(I41:I44,J41:J44)/SUM(J41:J44),3) -> 168.5 | G38: =G37+E38 -> 0.32857143 | I38: 161 | J38: 1 | K38: 0.014285714
A39: 3 | B39: 177 | C39: =B39-B38 -> 6 | D39: =SUM(J45:J50) -> 13 | E39: =SUM(K45:K50) -> 0.18571429 | F39: =ROUND(SUMPRODUCT(I45:I50,J45:J50)/SUM(J45:J50),3) -> 174.538 | G39: =G38+E39 -> 0.51428571 | I39: 163 | J39: 3 | K39: 0.042857143
A40: 4 | B40: 183 | C40: =B40-B39 -> 6 | D40: =SUM(J51:J53) -> 12 | E40: =SUM(K51:K53) -> 0.17142857 | F40: =ROUND(SUMPRODUCT(I51:I53,J51:J53)/SUM(J51:J53),3) -> 180.333 | G40: =G39+E40 -> 0.68571429 | I40: 164 | J40: 1 | K40: 0.014285714
A41: 5 | B41: 186 | C41: =B41-B40 -> 3 | D41: =SUM(J54:J56) -> 14 | E41: =SUM(K54:K56) -> 0.2 | F41: =ROUND(SUMPRODUCT(I54:I56,J54:J56)/SUM(J54:J56),3) -> 184.214 | G41: =G40+E41 -> 0.88571429 | I41: 165 | J41: 3 | K41: 0.042857143
A42: 6 | B42: 195 | C42: =B42-B41 -> 9 | D42: =SUM(J57:J62) -> 8 | E42: =SUM(K57:K62) -> 0.11428571 | F42: =ROUND(SUMPRODUCT(I57:I62,J57:J62)/SUM(J57:J62),3) -> 190.25 | G42: =G41+E42 -> 1 | I42: 168 | J42: 1 | K42: 0.014285714
I43: 169 | J43: 1 | K43: 0.014285714
B44: S | D44: =SUM(D37:D42) -> 70 | E44: =SUM(E37:E42) -> 1 | I44: 170 | J44: 7 | K44: 0.1
I45: 171 | J45: 1 | K45: 0.014285714
I46: 172 | J46: 1 | K46: 0.014285714
I47: 173 | J47: 1 | K47: 0.014285714
I48: 174 | J48: 3 | K48: 0.042857143
I49: 175 | J49: 1 | K49: 0.014285714
I50: 176 | J50: 6 | K50: 0.085714286
I51: 178 | J51: 3 | K51: 0.042857143
I52: 180 | J52: 4 | K52: 0.057142857
I53: 182 | J53: 5 | K53: 0.071428571
I54: 183 | J54: 4 | K54: 0.057142857
I55: 184 | J55: 3 | K55: 0.042857143
I56: 185 | J56: 7 | K56: 0.1
... I62: 195 | J62: 1 | K62: 0.014285714

Sheet Mittelwerte & Varianzen
A1: Urliste gesamt (Zug a & b) | I1: Urliste 1 (Zug a) | Q1: Urliste 2 (Zug b)
A2: Umfang | B2: =Urlisten!F12 -> 70 | C2: Elemente | I2: Umfang | J2: =Urlisten!F23 -> 41 | K2: Elemente | Q2: Umfang | R2: =Urlisten!F31 -> 29 | S2: Elemente
A3: Alter | E3: Körperlänge | I3: Alter | M3: Körperlänge | Q3: Alter | U3: Körperlänge
A4: Mittelwert aus | E4: Mittelwert aus | I4: Mittelwert aus | M4: Mittelwert aus | Q4: Mittelwert aus | U4: Mittelwert aus
B5: Urliste | C5: =SUM(Urlisten!C15:EL15)/COUNT(Urlisten!C15:EL15) -> 22.657143 | F5: Urliste | G5: =SUM(Urlisten!C16:EL16)/COUNT(Urlisten!C16:EL16) -> 176.07143 | J5: Urliste | K5: =SUM(Urlisten!C25:BT25)/COUNT(Urlisten!C25:BT25) -> 22.487805 | N5: Urliste | O5: =SUM(Urlisten!C26:BT26)/COUNT(Urlisten!C26:BT26) -> 175.46341 | R5: Urliste | S5: =SUM(Urlisten!C33:BT33)/COUNT(Urlisten!C33:BT33) -> 22.896552 | V5: Urliste | W5: =SUM(Urlisten!C34:BT34)/COUNT(Urlisten!C34:BT34) -> 176.93103
B6: absH | C6: =SUMPRODUCT(Häufigkeiten!A7:A31,Häufigkeiten!B7:B31)/Häufigkeiten!B4 -> 22.657143 | F6: absH | G6: =SUMPRODUCT(Häufigkeiten!E7:E51,Häufigkeiten!F7:F51)/Häufigkeiten!F4 -> 176.07143 | J6: absH | K6: =SUMPRODUCT(Häufigkeiten!R7:R51,Häufigkeiten!Q7:Q51)/Häufigkeiten!R4 -> 22.487805 | N6: absH | O6: =SUMPRODUCT(Häufigkeiten!V7:V51,Häufigkeiten!U7:U51)/Häufigkeiten!V4 -> 175.46341 | R6: absH | S6: =SUMPRODUCT(Häufigkeiten!AH7:AH51,Häufigkeiten!AG7:AG51)/Häufigkeiten!AH4 -> 22.896552 | V6: absH | W6: =SUMPRODUCT(Häufigkeiten!AL7:AL51,Häufigkeiten!AK7:AK51)/Häufigkeiten!AL4 -> 176.93103
B7: relH | C7: =SUMPRODUCT(Häufigkeiten!A7:A31,Häufigkeiten!C7:C31) -> 22.657143 | F7: relH | G7: =SUMPRODUCT(Häufigkeiten!E7:E51,Häufigkeiten!G7:G51) -> 176.07143 | J7: relH | K7: =SUMPRODUCT(Häufigkeiten!S7:S51,Häufigkeiten!Q7:Q51) -> 22.487805 | N7: relH | O7: =SUMPRODUCT(Häufigkeiten!W7:W51,Häufigkeiten!U7:U51) -> 175.46341 | R7: relH | S7: =SUMPRODUCT(Häufigkeiten!AI7:AI51,Häufigkeiten!AG7:AG51) -> 22.896552 | V7: relH | W7: =SUMPRODUCT(Häufigkeiten!AM7:AM51,Häufigkeiten!AK7:AK51) -> 176.93103
A9: Varianz aus | E9: Varianz aus | I9: Varianz aus | M9: Varianz aus | Q9: Varianz aus | U9: Varianz aus
B10: Urliste | C10: =SUMPRODUCT(Urlisten!C15:EL15,Urlisten!C15:EL15)/COUNT(Urlisten!C15:EL15)-(SUM(Urlisten!C15:EL15)/COUNT(Urlisten!C15:EL15))^2 -> 4.9395918 | F10: Urliste | G10: =SUMPRODUCT(Urlisten!C16:EL16,Urlisten!C16:EL16)/COUNT(Urlisten!C16:EL16) - (SUM(Urlisten!C16:EL16)/COUNT(Urlisten!C16:EL16))^2 -> 89.837755 | J10: Urliste | K10: =SUMPRODUCT(Urlisten!C25:BT25,Urlisten!C25:BT25)/COUNT(Urlisten!C25:BT25) - (SUM(Urlisten!C25:BT25)/COUNT(Urlisten!C25:BT25))^2 -> 5.3718025 | N10: Urliste | O10: =SUMPRODUCT(Urlisten!C26:BT26,Urlisten!C26:BT26)/COUNT(Urlisten!C26:BT26) - (SUM(Urlisten!C26:BT26)/COUNT(Urlisten!C26:BT26))^2 -> 94.004759 | R10: Urliste | S10: =SUMPRODUCT(Urlisten!C33:BT33,Urlisten!C33:BT33)/COUNT(Urlisten!C33:BT33) - (SUM(Urlisten!C33:BT33)/COUNT(Urlisten!C33:BT33))^2 -> 4.2306778 | V10: Urliste | W10: =SUMPRODUCT(Urlisten!C34:BT34,Urlisten!C34:BT34)/COUNT(Urlisten!C34:BT34) - (SUM(Urlisten!C34:BT34)/COUNT(Urlisten!C34:BT34))^2 -> 82.684899
B11: absH | C11: =SUMPRODUCT(Häufigkeiten!B7:B31,Häufigkeiten!A7:A31,Häufigkeiten!A7:A31)/SUM(Häufigkeiten!B7:B31)-(SUM(Urlisten!C15:EL15)/SUM(Häufigkeiten!B7:B31))^2 -> 4.9395918 | F11: absH | G11: =SUMPRODUCT(Häufigkeiten!F7:F51,Häufigkeiten!E7:E51,Häufigkeiten!E7:E51)/SUM(Häufigkeiten!F7:F51)-(SUM(Urlisten!C16:EL16)/SUM(Häufigkeiten!F7:F51))^2 -> 89.837755 | J11: absH | K11: =SUMPRODUCT(Häufigkeiten!R7:R51,Häufigkeiten!Q7:Q51,Häufigkeiten!Q7:Q51)/Häufigkeiten!R4-(SUM(Urlisten!C25:EL25)/SUM(Häufigkeiten!R7:R51))^2 -> 5.3718025 | N11: absH | O11: =SUMPRODUCT(Häufigkeiten!V7:V51,Häufigkeiten!U7:U51,Häufigkeiten!U7:U51)/Häufigkeiten!V4-(SUM(Urlisten!C26:EL26)/SUM(Häufigkeiten!V7:V51))^2 -> 94.004759 | R11: absH | S11: =SUMPRODUCT(Häufigkeiten!AH7:AH51,Häufigkeiten!AG7:AG51,Häufigkeiten!AG7:AG51)/Häufigkeiten!AH4-(SUM(Urlisten!C33:BT33)/SUM(Häufigkeiten!AH7:AH51))^2 -> 4.2306778 | V11: absH | W11: =SUMPRODUCT(Häufigkeiten!AL7:AL51,Häufigkeiten!AK7:AK51,Häufigkeiten!AK7:AK51)/Häufigkeiten!AL4-(SUM(Urlisten!C34:BT34)/SUM(Häufigkeiten!AL7:AL51))^2 -> 82.684899
B12: relH | C12: =SUMPRODUCT(Häufigkeiten!C7:C31,Häufigkeiten!A7:A31,Häufigkeiten!A7:A31)-(SUM(Urlisten!C15:EL15)/SUM(Häufigkeiten!B7:B31))^2 -> 4.9395918 | F12: relH | G12: =SUMPRODUCT(Häufigkeiten!G7:G51,Häufigkeiten!E7:E51,Häufigkeiten!E7:E51)-(SUM(Urlisten!C16:EL16)/SUM(Häufigkeiten!F7:F51))^2 -> 89.837755 | J12: relH | K12: =SUMPRODUCT(Häufigkeiten!S7:S51,Häufigkeiten!Q7:Q51,Häufigkeiten!Q7:Q51)-(SUM(Urlisten!C25:EL25)/SUM(Häufigkeiten!R7:R51))^2 -> 5.3718025 | N12: relH | O12: =SUMPRODUCT(Häufigkeiten!W7:W51,Häufigkeiten!U7:U51,Häufigkeiten!U7:U51)-(SUM(Urlisten!C26:EL26)/SUM(Häufigkeiten!V7:V51))^2 -> 94.004759 | R12: relH | S12: =SUMPRODUCT(Häufigkeiten!AI7:AI51,Häufigkeiten!AG7:AG51,Häufigkeiten!AG7:AG51)-(SUM(Urlisten!C33:BT33)/SUM(Häufigkeiten!AH7:AH51))^2 -> 4.2306778 | V12: relH | W12: =SUMPRODUCT(Häufigkeiten!AM7:AM51,Häufigkeiten!AK7:AK51,Häufigkeiten!AK7:AK51)-(SUM(Urlisten!C34:BT34)/SUM(Häufigkeiten!AL7:AL51))^2 -> 82.684899
I15: Zusammenfassen Zug a & b
I17: Alter | M17: Körperlänge
I18: Mittelwert | K18: =(J2*K5+R2*S5)/(J2+R2) -> 22.657143 | M18: Mittelwert | O18: =(J2*O5+R2*W5)/(J2+R2) -> 176.07143
I20: Varianz | J20: innere | K20: =(J2*K10+R2*S10)/(J2+R2) -> 4.8990508 | M20: Varianz | N20: innere | O20: =(J2*O10+R2*W10)/(J2+R2) -> 89.315103
J21: äußere | K21: =(J2*(K5-C5)^2+R2*(S5-C5)^2)/(J2+R2) -> 0.040541014 | N21: äußere | O21: =(J2*(O5-G5)^2+R2*(W5-G5)^2)/(J2+R2) -> 0.52265237
J22: Σ | K22: =K20+K21 -> 4.9395918 | N22: Σ | O22: =O20+O21 -> 89.837755
G28: =G10*4900 -> 440205

Sheet Tabellen Verteilungsfunktionen
A1: Urliste gesamt (Züge a & b) | Q1: Urliste 1 (Zug a) | AG1: Urliste 2 (Zug b)
A2: Alter | E2: Körperlänge | I2: Berufsausbildung | M2: Geschlecht | Q2: Alter | U2: Körperlänge | Y2: Berufsausbildung | AC2: Geschlecht | AG2: Alter | AK2: Körperlänge | AO2: Berufsausbildung | AS2: Geschlecht
B4: =SUM(B7:B31) -> 70 | C4: =SUM(C7:C31) -> 1 | F4: =SUM(F7:F51) -> 70 | G4: =SUM(G7:G51) -> 1 | J4: =SUM(J7:J8) -> 0 | K4: =SUM(K7:K8) -> 0 | N4: =SUM(N7:N8) -> 0 | O4: =SUM(O7:O8) -> 0 | R4: =SUM(R7:R31) -> 41 | S4: =SUM(S7:S31) -> 1 | V4: =SUM(V7:V100) -> 43 | W4: =SUM(W7:W51) -> 1 | Z4: =SUM(Z7:Z8) -> 0 | AA4: =SUM(AA7:AA8) -> 0 | AD4: =SUM(AD7:AD8) -> 0 | AE4: =SUM(AE7:AE8) -> 0 | AH4: =SUM(AH7:AH31) -> 29 | AI4: =SUM(AI7:AI31) -> 1 | AL4: =SUM(AL7:AL100) -> 31 | AM4: =SUM(AM7:AM51) -> 1 | AP4: =SUM(AP7:AP8) -> 0 | AQ4: =SUM(AQ7:AQ8) -> 0 | AT4: =SUM(AT7:AT8) -> 0 | AU4: =SUM(AU7:AU8) -> 0
A6: xi | B6: ni | C6: hi | E6: yi | F6: ni | G6: hi | I6: bi | J6: ni | K6: hi | M6: gi | N6: ni | O6: hi | Q6: xi | R6: ni | S6: hi | U6: yi | V6: ni | W6: hi | Y6: bi | Z6: ni | AA6: hi | AC6: gi | AD6: ni | AE6: hi | AG6: xi | AH6: ni | AI6: hi | AK6: yi | AL6: ni | AM6: hi | AO6: bi | AP6: ni | AQ6: hi | AS6: gi | AT6: ni | AU6: hi
A7: {=IF(ISERROR(INDEX(Häufigkeiten!B:B,SMALL(IF(Häufigkeiten!B$7:B$31<>0,ROW($7:$31)),ROW(B1)))),"",INDEX(Häufigkeiten!A:A,SMALL(IF(Häufigkeiten!B$7:B$31<>0,ROW($7:$31)),ROW(B1))))} -> 19 | B7: {=IF( ISERROR(INDEX(Häufigkeiten!B:B,SMALL(IF(Häufigkeiten!B$7:B$31<>0,ROW($7:$31)),ROW(B1)))),"",INDEX(Häufigkeiten!B:B,SMALL(IF(Häufigkeiten!B$7:B$31<>0,ROW($7:$31)),ROW(B1))))} -> 3 | C7: =IF(ISERROR(B7/$B$4),"",B7/$B$4) -> 0.042857143 | E7: {=IF( ISERROR(INDEX(Häufigkeiten!F:F,SMALL(IF(Häufigkeiten!F$7:F$51<>0,ROW($7:$51)),ROW(F1)))),"",INDEX(Häufigkeiten!E:E,SMALL(IF(Häufigkeiten!F$7:F$51<>0,ROW($7:$51)),ROW(F1))))} -> 155 | F7: {=IF( ISERROR(INDEX(Häufigkeiten!F:F,SMALL(IF(Häufigkeiten!F$7:F$51<>0,ROW($7:$51)),ROW(F1)))),"",INDEX(Häufigkeiten!F:F,SMALL(IF(Häufigkeiten!F$7:F$51<>0,ROW($7:$51)),ROW(F1))))} -> 1 | G7: =IF(ISERROR(F7/B$4),"",F7/B$4) -> 0.014285714 | Q7: {=IF( ISERROR(INDEX(Häufigkeiten!R:R,SMALL(IF(Häufigkeiten!R$7:R$31<>0,ROW($7:$31)),ROW(R1)))),"",INDEX(Häufigkeiten!Q:Q,SMALL(IF(Häufigkeiten!R$7:R$31<>0,ROW($7:$31)),ROW(R1))))} -> 19 | R7: {=IF( ISERROR(INDEX(Häufigkeiten!R:R,SMALL(IF(Häufigkeiten!R$7:R$31<>0,ROW($7:$31)),ROW(R1)))),"",INDEX(Häufigkeiten!R:R,SMALL(IF(Häufigkeiten!R$7:R$31<>0,ROW($7:$31)),ROW(R1))))} -> 2 | S7: =IF(ISERROR(R7/$R$4),"",R7/$R$4) -> 0.048780488 | U7: {=IF( ISERROR(INDEX(Häufigkeiten!V:V,SMALL(IF(Häufigkeiten!V$7:V$51<>0,ROW($7:$51)),ROW(V1)))),"",INDEX(Häufigkeiten!U:U,SMALL(IF(Häufigkeiten!V$7:V$51<>0,ROW($7:$51)),ROW(V1))))} -> 160 | V7: {=IF( ISERROR(INDEX(Häufigkeiten!V:V,SMALL(IF(Häufigkeiten!V$7:V$51<>0,ROW($7:$51)),ROW(V1)))),"",INDEX(Häufigkeiten!V:V,SMALL(IF(Häufigkeiten!V$7:V$51<>0,ROW($7:$51)),ROW(V1))))} -> 3 | W7: =IF(ISERROR(V7/R$4),"",V7/R$4) -> 0.073170732 | AG7: {=IF( ISERROR(INDEX(Häufigkeiten!AH:AH,SMALL(IF(Häufigkeiten!AH$7:AH$31<>0,ROW($7:$31)),ROW(AH1)))),"",INDEX(Häufigkeiten!AG:AG,SMALL(IF(Häufigkeiten!AH$7:AH$31<>0,ROW($7:$31)),ROW(AH1))))} -> 19 | AH7: {=IF( ISERROR(INDEX(Häufigkeiten!AH:AH,SMALL(IF(Häufigkeiten!AH$7:AH$31<>0,ROW($7:$31)),ROW(AH1)))),"",INDEX(Häufigkeiten!AH:AH,SMALL(IF(Häufigkeiten!AH$7:AH$31<>0,ROW($7:$31)),ROW(AH1))))} -> 1 | AI7: =IF(ISERROR(AH7/AH$4),"",AH7/AH$4) -> 0.034482759 | AK7: {=IF( ISERROR(INDEX(Häufigkeiten!AL:AL,SMALL(IF(Häufigkeiten!AL$7:AL$51<>0,ROW($7:$51)),ROW(AL1)))),"",INDEX(Häufigkeiten!AK:AK,SMALL(IF(Häufigkeiten!AL$7:AL$51<>0,ROW($7:$51)),ROW(AL1))))} -> 155 | AL7: {=IF( ISERROR(INDEX(Häufigkeiten!AL:AL,SMALL(IF(Häufigkeiten!AL$7:AL$51<>0,ROW($7:$51)),ROW(AL1)))),"",INDEX(Häufigkeiten!AL:AL,SMALL(IF(Häufigkeiten!AL$7:AL$51<>0,ROW($7:$51)),ROW(AL1))))} -> 1 | AM7: =IF(ISERROR(AL7/AH$4),"",AL7/AH$4) -> 0.034482759
A8: {=IF( ISERROR(INDEX(Häufigkeiten!B:B,SMALL(IF(Häufigkeiten!B$7:B$31<>0,ROW($7:$31)),ROW(B2)))),"",INDEX(Häufigkeiten!A:A,SMALL(IF(Häufigkeiten!B$7:B$31<>0,ROW($7:$31)),ROW(B2))))} -> 20 | B8: {=IF( ISERROR(INDEX(Häufigkeiten!B:B,SMALL(IF(Häufigkeiten!B$7:B$31<>0,ROW($7:$31)),ROW(B2)))),"",INDEX(Häufigkeiten!B:B,SMALL(IF(Häufigkeiten!B$7:B$31<>0,ROW($7:$31)),ROW(B2))))} -> 10 | C8: =IF(ISERROR(B8/$B$4),"",B8/$B$4) -> 0.14285714 | E8: {=IF( ISERROR(INDEX(Häufigkeiten!F:F,SMALL(IF(Häufigkeiten!F$7:F$51<>0,ROW($7:$51)),ROW(F2)))),"",INDEX(Häufigkeiten!E:E,SMALL(IF(Häufigkeiten!F$7:F$51<>0,ROW($7:$51)),ROW(F2))))} -> 160 | F8: {=IF( ISERROR(INDEX(Häufigkeiten!F:F,SMALL(IF(Häufigkeiten!F$7:F$51<>0,ROW($7:$51)),ROW(F2)))),"",INDEX(Häufigkeiten!F:F,SMALL(IF(Häufigkeiten!F$7:F$51<>0,ROW($7:$51)),ROW(F2))))} -> 5 | G8: =IF(ISERROR(F8/B$4),"",F8/B$4) -> 0.071428571 | Q8: {=IF( ISERROR(INDEX(Häufigkeiten!R:R,SMALL(IF(Häufigkeiten!R$7:R$31<>0,ROW($7:$31)),ROW(R2)))),"",INDEX(Häufigkeiten!Q:Q,SMALL(IF(Häufigkeiten!R$7:R$31<>0,ROW($7:$31)),ROW(R2))))} -> 20 | R8: {=IF( ISERROR(INDEX(Häufigkeiten!R:R,SMALL(IF(Häufigkeiten!R$7:R$31<>0,ROW($7:$31)),ROW(R2)))),"",INDEX(Häufigkeiten!R:R,SMALL(IF(Häufigkeiten!R$7:R$31<>0,ROW($7:$31)),ROW(R2))))} -> 6 | S8: =IF(ISERROR(R8/$R$4),"",R8/$R$4) -> 0.14634146 | U8: {=IF( ISERROR(INDEX(Häufigkeiten!V:V,SMALL(IF(Häufigkeiten!V$7:V$51<>0,ROW($7:$51)),ROW(V2)))),"",INDEX(Häufigkeiten!U:U,SMALL(IF(Häufigkeiten!V$7:V$51<>0,ROW($7:$51)),ROW(V2))))} -> 161 | V8: {=IF( ISERROR(INDEX(Häufigkeiten!V:V,SMALL(IF(Häufigkeiten!V$7:V$51<>0,ROW($7:$51)),ROW(V2)))),"",INDEX(Häufigkeiten!V:V,SMALL(IF(Häufigkeiten!V$7:V$51<>0,ROW($7:$51)),ROW(V2))))} -> 1 | W8: =IF(ISERROR(V8/R$4),"",V8/R$4) -> 0.024390244 | AG8: {=IF( ISERROR(INDEX(Häufigkeiten!AH:AH,SMALL(IF(Häufigkeiten!AH$7:AH$31<>0,ROW($7:$31)),ROW(AH2)))),"",INDEX(Häufigkeiten!AG:AG,SMALL(IF(Häufigkeiten!AH$7:AH$31<>0,ROW($7:$31)),ROW(AH2))))} -> 20 | AH8: {=IF( ISERROR(INDEX(Häufigkeiten!AH:AH,SMALL(IF(Häufigkeiten!AH$7:AH$31<>0,ROW($7:$31)),ROW(AH2)))),"",INDEX(Häufigkeiten!AH:AH,SMALL(IF(Häufigkeiten!AH$7:AH$31<>0,ROW($7:$31)),ROW(AH2))))} -> 4 | AI8: =IF(ISERROR(AH8/AH$4),"",AH8/AH$4) -> 0.13793103 | AK8: {=IF( ISERROR(INDEX(Häufigkeiten!AL:AL,SMALL(IF(Häufigkeiten!AL$7:AL$51<>0,ROW($7:$51)),ROW(AL2)))),"",INDEX(Häufigkeiten!AK:AK,SMALL(IF(Häufigkeiten!AL$7:AL$51<>0,ROW($7:$51)),ROW(AL2))))} -> 160 | AL8: {=IF( ISERROR(INDEX(Häufigkeiten!AL:AL,SMALL(IF(Häufigkeiten!AL$7:AL$51<>0,ROW($7:$51)),ROW(AL2)))),"",INDEX(Häufigkeiten!AL:AL,SMALL(IF(Häufigkeiten!AL$7:AL$51<>0,ROW($7:$51)),ROW(AL2))))} -> 2 | AM8: =IF(ISERROR(AL8/AH$4),"",AL8/AH$4) -> 0.068965517
A9: {=IF( ISERROR(INDEX(Häufigkeiten!B:B,SMALL(IF(Häufigkeiten!B$7:B$31<>0,ROW($7:$31)),ROW(B3)))),"",INDEX(Häufigkeiten!A:A,SMALL(IF(Häufigkeiten!B$7:B$31<>0,ROW($7:$31)),ROW(B3))))} -> 21 | B9: {=IF( ISERROR(INDEX(Häufigkeiten!B:B,SMALL(IF(Häufigkeiten!B$7:B$31<>0,ROW($7:$31)),ROW(B3)))),"",INDEX(Häufigkeiten!B:B,SMALL(IF(Häufigkeiten!B$7:B$31<>0,ROW($7:$31)),ROW(B3))))} -> 11 | C9: =IF(ISERROR(B9/$B$4),"",B9/$B$4) -> 0.15714286 | E9: {=IF( ISERROR(INDEX(Häufigkeiten!F:F,SMALL(IF(Häufigkeiten!F$7:F$51<>0,ROW($7:$51)),ROW(F3)))),"",INDEX(Häufigkeiten!E:E,SMALL(IF(Häufigkeiten!F$7:F$51<>0,ROW($7:$51)),ROW(F3))))} -> 161 | F9: {=IF( ISERROR(INDEX(Häufigkeiten!F:F,SMALL(IF(Häufigkeiten!F$7:F$51<>0,ROW($7:$51)),ROW(F3)))),"",INDEX(Häufigkeiten!F:F,SMALL(IF(Häufigkeiten!F$7:F$51<>0,ROW($7:$51)),ROW(F3))))} -> 1 | G9: =IF(ISERROR(F9/B$4),"",F9/B$4) -> 0.014285714 | Q9: {=IF( ISERROR(INDEX(Häufigkeiten!R:R,SMALL(IF(Häufigkeiten!R$7:R$31<>0,ROW($7:$31)),ROW(R3)))),"",INDEX(Häufigkeiten!Q:Q,SMALL(IF(Häufigkeiten!R$7:R$31<>0,ROW($7:$31)),ROW(R3))))} -> 21 | R9: {=IF( ISERROR(INDEX(Häufigkeiten!R:R,SMALL(IF(Häufigkeiten!R$7:R$31<>0,ROW($7:$31)),ROW(R3)))),"",INDEX(Häufigkeiten!R:R,SMALL(IF(Häufigkeiten!R$7:R$31<>0,ROW($7:$31)),ROW(R3))))} -> 9 | S9: =IF(ISERROR(R9/$R$4),"",R9/$R$4) -> 0.2195122 | U9: {=IF( ISERROR(INDEX(Häufigkeiten!V:V,SMALL(IF(Häufigkeiten!V$7:V$51<>0,ROW($7:$51)),ROW(V3)))),"",INDEX(Häufigkeiten!U:U,SMALL(IF(Häufigkeiten!V$7:V$51<>0,ROW($7:$51)),ROW(V3))))} -> 163 | V9: {=IF( ISERROR(INDEX(Häufigkeiten!V:V,SMALL(IF(Häufigkeiten!V$7:V$51<>0,ROW($7:$51)),ROW(V3)))),"",INDEX(Häufigkeiten!V:V,SMALL(IF(Häufigkeiten!V$7:V$51<>0,ROW($7:$51)),ROW(V3))))} -> 3 | W9: =IF(ISERROR(V9/R$4),"",V9/R$4) -> 0.073170732 | AG9: {=IF( ISERROR(INDEX(Häufigkeiten!AH:AH,SMALL(IF(Häufigkeiten!AH$7:AH$31<>0,ROW($7:$31)),ROW(AH3)))),"",INDEX(Häufigkeiten!AG:AG,SMALL(IF(Häufigkeiten!AH$7:AH$31<>0,ROW($7:$31)),ROW(AH3))))} -> 21 | AH9: {=IF( ISERROR(INDEX(Häufigkeiten!AH:AH,SMALL(IF(Häufigkeiten!AH$7:AH$31<>0,ROW($7:$31)),ROW(AH3)))),"",INDEX(Häufigkeiten!AH:AH,SMALL(IF(Häufigkeiten!AH$7:AH$31<>0,ROW($7:$31)),ROW(AH3))))} -> 2 | AI9: =IF(ISERROR(AH9/AH$4),"",AH9/AH$4) -> 0.068965517 | AK9: {=IF( ISERROR(INDEX(Häufigkeiten!AL:AL,SMALL(IF(Häufigkeiten!AL$7:AL$51<>0,ROW($7:$51)),ROW(AL3)))),"",INDEX(Häufigkeiten!AK:AK,SMALL(IF(Häufigkeiten!AL$7:AL$51<>0,ROW($7:$51)),ROW(AL3))))} -> 165 | AL9: {=IF( ISERROR(INDEX(Häufigkeiten!AL:AL,SMALL(IF(Häufigkeiten!AL$7:AL$51<>0,ROW($7:$51)),ROW(AL3)))),"",INDEX(Häufigkeiten!AL:AL,SMALL(IF(Häufigkeiten!AL$7:AL$51<>0,ROW($7:$51)),ROW(AL3))))} -> 2 | AM9: =IF(ISERROR(AL9/AH$4),"",AL9/AH$4) -> 0.068965517
A10: {=IF( ISERROR(INDEX(Häufigkeiten!B:B,SMALL(IF(Häufigkeiten!B$7:B$31<>0,ROW($7:$31)),ROW(B4)))),"",INDEX(Häufigkeiten!A:A,SMALL(IF(Häufigkeiten!B$7:B$31<>0,ROW($7:$31)),ROW(B4))))} -> 22 | B10: {=IF( ISERROR(INDEX(Häufigkeiten!B:B,SMALL(IF(Häufigkeiten!B$7:B$31<>0,ROW($7:$31)),ROW(B4)))),"",INDEX(Häufigkeiten!B:B,SMALL(IF(Häufigkeiten!B$7:B$31<>0,ROW($7:$31)),ROW(B4))))} -> 14 | C10: =IF(ISERROR(B10/$B$4),"",B10/$B$4) -> 0.2 | E10: {=IF( ISERROR(INDEX(Häufigkeiten!F:F,SMALL(IF(Häufigkeiten!F$7:F$51<>0,ROW($7:$51)),ROW(F4)))),"",INDEX(Häufigkeiten!E:E,SMALL(IF(Häufigkeiten!F$7:F$51<>0,ROW($7:$51)),ROW(F4))))} -> 163 | F10: {=IF( ISERROR(INDEX(Häufigkeiten!F:F,SMALL(IF(Häufigkeiten!F$7:F$51<>0,ROW($7:$51)),ROW(F4)))),"",INDEX(Häufigkeiten!F:F,SMALL(IF(Häufigkeiten!F$7:F$51<>0,ROW($7:$51)),ROW(F4))))} -> 3 | G10: =IF(ISERROR(F10/B$4),"",F10/B$4) -> 0.042857143 | Q10: {=IF( ISERROR(INDEX(Häufigkeiten!R:R,SMALL(IF(Häufigkeiten!R$7:R$31<>0,ROW($7:$31)),ROW(R4)))),"",INDEX(Häufigkeiten!Q:Q,SMALL(IF(Häufigkeiten!R$7:R$31<>0,ROW($7:$31)),ROW(R4))))} -> 22 | R10: {=IF( ISERROR(INDEX(Häufigkeiten!R:R,SMALL(IF(Häufigkeiten!R$7:R$31<>0,ROW($7:$31)),ROW(R4)))),"",INDEX(Häufigkeiten!R:R,SMALL(IF(Häufigkeiten!R$7:R$31<>0,ROW($7:$31)),ROW(R4))))} -> 8 | S10: =IF(ISERROR(R10/$R$4),"",R10/$R$4) -> 0.19512195 | U10: {=IF( ISERROR(INDEX(Häufigkeiten!V:V,SMALL(IF(Häufigkeiten!V$7:V$51<>0,ROW($7:$51)),ROW(V4)))),"",INDEX(Häufigkeiten!U:U,SMALL(IF(Häufigkeiten!V$7:V$51<>0,ROW($7:$51)),ROW(V4))))} -> 164 | V10: {=IF( ISERROR(INDEX(Häufigkeiten!V:V,SMALL(IF(Häufigkeiten!V$7:V$51<>0,ROW($7:$51)),ROW(V4)))),"",INDEX(Häufigkeiten!V:V,SMALL(IF(Häufigkeiten!V$7:V$51<>0,ROW($7:$51)),ROW(V4))))} -> 1 | W10: =IF(ISERROR(V10/R$4),"",V10/R$4) -> 0.024390244 | AG10: {=IF( ISERROR(INDEX(Häufigkeiten!AH:AH,SMALL(IF(Häufigkeiten!AH$7:AH$31<>0,ROW($7:$31)),ROW(AH4)))),"",INDEX(Häufigkeiten!AG:AG,SMALL(IF(Häufigkeiten!AH$7:AH$31<>0,ROW($7:$31)),ROW(AH4))))} -> 22 | AH10: {=IF( ISERROR(INDEX(Häufigkeiten!AH:AH,SMALL(IF(Häufigkeiten!AH$7:AH$31<>0,ROW($7:$31)),ROW(AH4)))),"",INDEX(Häufigkeiten!AH:AH,SMALL(IF(Häufigkeiten!AH$7:AH$31<>0,ROW($7:$31)),ROW(AH4))))} -> 6 | AI10: =IF(ISERROR(AH10/AH$4),"",AH10/AH$4) -> 0.20689655 | AK10: {=IF( ISERROR(INDEX(Häufigkeiten!AL:AL,SMALL(IF(Häufigkeiten!AL$7:AL$51<>0,ROW($7:$51)),ROW(AL4)))),"",INDEX(Häufigkeiten!AK:AK,SMALL(IF(Häufigkeiten!AL$7:AL$51<>0,ROW($7:$51)),ROW(AL4))))} -> 170 | AL10: {=IF( ISERROR(INDEX(Häufigkeiten!AL:AL,SMALL(IF(Häufigkeiten!AL$7:AL$51<>0,ROW($7:$51)),ROW(AL4)))),"",INDEX(Häufigkeiten!AL:AL,SMALL(IF(Häufigkeiten!AL$7:AL$51<>0,ROW($7:$51)),ROW(AL4))))} -> 2 | AM10: =IF(ISERROR(AL10/AH$4),"",AL10/AH$4) -> 0.068965517
A11: {=IF( ISERROR(INDEX(Häufigkeiten!B:B,SMALL(IF(Häufigkeiten!B$7:B$31<>0,ROW($7:$31)),ROW(B5)))),"",INDEX(Häufigkeiten!A:A,SMALL(IF(Häufigkeiten!B$7:B$31<>0,ROW($7:$31)),ROW(B5))))} -> 23 | B11: {=IF( ISERROR(INDEX(Häufigkeiten!B:B,SMALL(IF(Häufigkeiten!B$7:B$31<>0,ROW($7:$31)),ROW(B5)))),"",INDEX(Häufigkeiten!B:B,SMALL(IF(Häufigkeiten!B$7:B$31<>0,ROW($7:$31)),ROW(B5))))} -> 9 | C11: =IF(ISERROR(B11/$B$4),"",B11/$B$4) -> 0.12857143 | E11: {=IF( ISERROR(INDEX(Häufigkeiten!F:F,SMALL(IF(Häufigkeiten!F$7:F$51<>0,ROW($7:$51)),ROW(F5)))),"",INDEX(Häufigkeiten!E:E,SMALL(IF(Häufigkeiten!F$7:F$51<>0,ROW($7:$51)),ROW(F5))))} -> 164 | F11: {=IF( ISERROR(INDEX(Häufigkeiten!F:F,SMALL(IF(Häufigkeiten!F$7:F$51<>0,ROW($7:$51)),ROW(F5)))),"",INDEX(Häufigkeiten!F:F,SMALL(IF(Häufigkeiten!F$7:F$51<>0,ROW($7:$51)),ROW(F5))))} -> 1 | G11: =IF(ISERROR(F11/B$4),"",F11/B$4) -> 0.014285714 | I11: =SUM(F7:F11) -> 11 | Q11: {=IF( ISERROR(INDEX(Häufigkeiten!R:R,SMALL(IF(Häufigkeiten!R$7:R$31<>0,ROW($7:$31)),ROW(R5)))),"",INDEX(Häufigkeiten!Q:Q,SMALL(IF(Häufigkeiten!R$7:R$31<>0,ROW($7:$31)),ROW(R5))))} -> 23 | R11: {=IF( ISERROR(INDEX(Häufigkeiten!R:R,SMALL(IF(Häufigkeiten!R$7:R$31<>0,ROW($7:$31)),ROW(R5)))),"",INDEX(Häufigkeiten!R:R,SMALL(IF(Häufigkeiten!R$7:R$31<>0,ROW($7:$31)),ROW(R5))))} -> 3 | S11: =IF(ISERROR(R11/$R$4),"",R11/$R$4) -> 0.073170732 | U11: {=IF( ISERROR(INDEX(Häufigkeiten!V:V,SMALL(IF(Häufigkeiten!V$7:V$51<>0,ROW($7:$51)),ROW(V5)))),"",INDEX(Häufigkeiten!U:U,SMALL(IF(Häufigkeiten!V$7:V$51<>0,ROW($7:$51)),ROW(V5))))} -> 165 | V11: {=IF( ISERROR(INDEX(Häufigkeiten!V:V,SMALL(IF(Häufigkeiten!V$7:V$51<>0,ROW($7:$51)),ROW(V5)))),"",INDEX(Häufigkeiten!V:V,SMALL(IF(Häufigkeiten!V$7:V$51<>0,ROW($7:$51)),ROW(V5))))} -> 1 | W11: =IF(ISERROR(V11/R$4),"",V11/R$4) -> 0.024390244 | AG11: {=IF( ISERROR(INDEX(Häufigkeiten!AH:AH,SMALL(IF(Häufigkeiten!AH$7:AH$31<>0,ROW($7:$31)),ROW(AH5)))),"",INDEX(Häufigkeiten!AG:AG,SMALL(IF(Häufigkeiten!AH$7:AH$31<>0,ROW($7:$31)),ROW(AH5))))} -> 23 | AH11: {=IF( ISERROR(INDEX(Häufigkeiten!AH:AH,SMALL(IF(Häufigkeiten!AH$7:AH$31<>0,ROW($7:$31)),ROW(AH5)))),"",INDEX(Häufigkeiten!AH:AH,SMALL(IF(Häufigkeiten!AH$7:AH$31<>0,ROW($7:$31)),ROW(AH5))))} -> 6 | AI11: =IF(ISERROR(AH11/AH$4),"",AH11/AH$4) -> 0.20689655 | AK11: {=IF( ISERROR(INDEX(Häufigkeiten!AL:AL,SMALL(IF(Häufigkeiten!AL$7:AL$51<>0,ROW($7:$51)),ROW(AL5)))),"",INDEX(Häufigkeiten!AK:AK,SMALL(IF(Häufigkeiten!AL$7:AL$51<>0,ROW($7:$51)),ROW(AL5))))} -> 174 | AL11: {=IF( ISERROR(INDEX(Häufigkeiten!AL:AL,SMALL(IF(Häufigkeiten!AL$7:AL$51<>0,ROW($7:$51)),ROW(AL5)))),"",INDEX(Häufigkeiten!AL:AL,SMALL(IF(Häufigkeiten!AL$7:AL$51<>0,ROW($7:$51)),ROW(AL5))))} -> 1 | AM11: =IF(ISERROR(AL11/AH$4),"",AL11/AH$4) -> 0.034482759
A12: {=IF( ISERROR(INDEX(Häufigkeiten!B:B,SMALL(IF(Häufigkeiten!B$7:B$31<>0,ROW($7:$31)),ROW(B6)))),"",INDEX(Häufigkeiten!A:A,SMALL(IF(Häufigkeiten!B$7:B$31<>0,ROW($7:$31)),ROW(B6))))} -> 24 | B12: {=IF( ISERROR(INDEX(Häufigkeiten!B:B,SMALL(IF(Häufigkeiten!B$7:B$31<>0,ROW($7:$31)),ROW(B6)))),"",INDEX(Häufigkeiten!B:B,SMALL(IF(Häufigkeiten!B$7:B$31<>0,ROW($7:$31)),ROW(B6))))} -> 6 | C12: =IF(ISERROR(B12/$B$4),"",B12/$B$4) -> 0.085714286 | E12: {=IF( ISERROR(INDEX(Häufigkeiten!F:F,SMALL(IF(Häufigkeiten!F$7:F$51<>0,ROW($7:$51)),ROW(F6)))),"",INDEX(Häufigkeiten!E:E,SMALL(IF(Häufigkeiten!F$7:F$51<>0,ROW($7:$51)),ROW(F6))))} -> 165 | F12: {=IF( ISERROR(INDEX(Häufigkeiten!F:F,SMALL(IF(Häufigkeiten!F$7:F$51<>0,ROW($7:$51)),ROW(F6)))),"",INDEX(Häufigkeiten!F:F,SMALL(IF(Häufigkeiten!F$7:F$51<>0,ROW($7:$51)),ROW(F6))))} -> 3 | G12: =IF(ISERROR(F12/B$4),"",F12/B$4) -> 0.042857143 | Q12: {=IF( ISERROR(INDEX(Häufigkeiten!R:R,SMALL(IF(Häufigkeiten!R$7:R$31<>0,ROW($7:$31)),ROW(R6)))),"",INDEX(Häufigkeiten!Q:Q,SMALL(IF(Häufigkeiten!R$7:R$31<>0,ROW($7:$31)),ROW(R6))))} -> 24 | R12: {=IF( ISERROR(INDEX(Häufigkeiten!R:R,SMALL(IF(Häufigkeiten!R$7:R$31<>0,ROW($7:$31)),ROW(R6)))),"",INDEX(Häufigkeiten!R:R,SMALL(IF(Häufigkeiten!R$7:R$31<>0,ROW($7:$31)),ROW(R6))))} -> 5 | S12: =IF(ISERROR(R12/$R$4),"",R12/$R$4) -> 0.12195122 | U12: {=IF( ISERROR(INDEX(Häufigkeiten!V:V,SMALL(IF(Häufigkeiten!V$7:V$51<>0,ROW($7:$51)),ROW(V6)))),"",INDEX(Häufigkeiten!U:U,SMALL(IF(Häufigkeiten!V$7:V$51<>0,ROW($7:$51)),ROW(V6))))} -> 168 | V12: {=IF( ISERROR(INDEX(Häufigkeiten!V:V,SMALL(IF(Häufigkeiten!V$7:V$51<>0,ROW($7:$51)),ROW(V6)))),"",INDEX(Häufigkeiten!V:V,SMALL(IF(Häufigkeiten!V$7:V$51<>0,ROW($7:$51)),ROW(V6))))} -> 1 | W12: =IF(ISERROR(V12/R$4),"",V12/R$4) -> 0.024390244 | AG12: {=IF( ISERROR(INDEX(Häufigkeiten!AH:AH,SMALL(IF(Häufigkeiten!AH$7:AH$31<>0,ROW($7:$31)),ROW(AH6)))),"",INDEX(Häufigkeiten!AG:AG,SMALL(IF(Häufigkeiten!AH$7:AH$31<>0,ROW($7:$31)),ROW(AH6))))} -> 24 | AH12: {=IF( ISERROR(INDEX(Häufigkeiten!AH:AH,SMALL(IF(Häufigkeiten!AH$7:AH$31<>0,ROW($7:$31)),ROW(AH6)))),"",INDEX(Häufigkeiten!AH:AH,SMALL(IF(Häufigkeiten!AH$7:AH$31<>0,ROW($7:$31)),ROW(AH6))))} -> 1 | AI12: =IF(ISERROR(AH12/AH$4),"",AH12/AH$4) -> 0.034482759 | AK12: {=IF( ISERROR(INDEX(Häufigkeiten!AL:AL,SMALL(IF(Häufigkeiten!AL$7:AL$51<>0,ROW($7:$51)),ROW(AL6)))),"",INDEX(Häufigkeiten!AK:AK,SMALL(IF(Häufigkeiten!AL$7:AL$51<>0,ROW($7:$51)),ROW(AL6))))} -> 175 | AL12: {=IF( ISERROR(INDEX(Häufigkeiten!AL:AL,SMALL(IF(Häufigkeiten!AL$7:AL$51<>0,ROW($7:$51)),ROW(AL6)))),"",INDEX(Häufigkeiten!AL:AL,SMALL(IF(Häufigkeiten!AL$7:AL$51<>0,ROW($7:$51)),ROW(AL6))))} -> 1 | AM12: =IF(ISERROR(AL12/AH$4),"",AL12/AH$4) -> 0.034482759
A13: {=IF( ISERROR(INDEX(Häufigkeiten!B:B,SMALL(IF(Häufigkeiten!B$7:B$31<>0,ROW($7:$31)),ROW(B7)))),"",INDEX(Häufigkeiten!A:A,SMALL(IF(Häufigkeiten!B$7:B$31<>0,ROW($7:$31)),ROW(B7))))} -> 25 | B13: {=IF( ISERROR(INDEX(Häufigkeiten!B:B,SMALL(IF(Häufigkeiten!B$7:B$31<>0,ROW($7:$31)),ROW(B7)))),"",INDEX(Häufigkeiten!B:B,SMALL(IF(Häufigkeiten!B$7:B$31<>0,ROW($7:$31)),ROW(B7))))} -> 8 | C13: =IF(ISERROR(B13/$B$4),"",B13/$B$4) -> 0.11428571 | E13: {=IF( ISERROR(INDEX(Häufigkeiten!F:F,SMALL(IF(Häufigkeiten!F$7:F$51<>0,ROW($7:$51)),ROW(F7)))),"",INDEX(Häufigkeiten!E:E,SMALL(IF(Häufigkeiten!F$7:F$51<>0,ROW($7:$51)),ROW(F7))))} -> 168 | F13: {=IF( ISERROR(INDEX(Häufigkeiten!F:F,SMALL(IF(Häufigkeiten!F$7:F$51<>0,ROW($7:$51)),ROW(F7)))),"",INDEX(Häufigkeiten!F:F,SMALL(IF(Häufigkeiten!F$7:F$51<>0,ROW($7:$51)),ROW(F7))))} -> 1 | G13: =IF(ISERROR(F13/B$4),"",F13/B$4) -> 0.014285714 | Q13: {=IF( ISERROR(INDEX(Häufigkeiten!R:R,SMALL(IF(Häufigkeiten!R$7:R$31<>0,ROW($7:$31)),ROW(R7)))),"",INDEX(Häufigkeiten!Q:Q,SMALL(IF(Häufigkeiten!R$7:R$31<>0,ROW($7:$31)),ROW(R7))))} -> 25 | R13: {=IF( ISERROR(INDEX(Häufigkeiten!R:R,SMALL(IF(Häufigkeiten!R$7:R$31<>0,ROW($7:$31)),ROW(R7)))),"",INDEX(Häufigkeiten!R:R,SMALL(IF(Häufigkeiten!R$7:R$31<>0,ROW($7:$31)),ROW(R7))))} -> 3 | S13: =IF(ISERROR(R13/$R$4),"",R13/$R$4) -> 0.073170732 | U13: {=IF( ISERROR(INDEX(Häufigkeiten!V:V,SMALL(IF(Häufigkeiten!V$7:V$51<>0,ROW($7:$51)),ROW(V7)))),"",INDEX(Häufigkeiten!U:U,SMALL(IF(Häufigkeiten!V$7:V$51<>0,ROW($7:$51)),ROW(V7))))} -> 169 | V13: {=IF( ISERROR(INDEX(Häufigkeiten!V:V,SMALL(IF(Häufigkeiten!V$7:V$51<>0,ROW($7:$51)),ROW(V7)))),"",INDEX(Häufigkeiten!V:V,SMALL(IF(Häufigkeiten!V$7:V$51<>0,ROW($7:$51)),ROW(V7))))} -> 1 | W13: =IF(ISERROR(V13/R$4),"",V13/R$4) -> 0.024390244 | AG13: {=IF( ISERROR(INDEX(Häufigkeiten!AH:AH,SMALL(IF(Häufigkeiten!AH$7:AH$31<>0,ROW($7:$31)),ROW(AH7)))),"",INDEX(Häufigkeiten!AG:AG,SMALL(IF(Häufigkeiten!AH$7:AH$31<>0,ROW($7:$31)),ROW(AH7))))} -> 25 | AH13: {=IF( ISERROR(INDEX(Häufigkeiten!AH:AH,SMALL(IF(Häufigkeiten!AH$7:AH$31<>0,ROW($7:$31)),ROW(AH7)))),"",INDEX(Häufigkeiten!AH:AH,SMALL(IF(Häufigkeiten!AH$7:AH$31<>0,ROW($7:$31)),ROW(AH7))))} -> 5 | AI13: =IF(ISERROR(AH13/AH$4),"",AH13/AH$4) -> 0.17241379 | AK13: {=IF( ISERROR(INDEX(Häufigkeiten!AL:AL,SMALL(IF(Häufigkeiten!AL$7:AL$51<>0,ROW($7:$51)),ROW(AL7)))),"",INDEX(Häufigkeiten!AK:AK,SMALL(IF(Häufigkeiten!AL$7:AL$51<>0,ROW($7:$51)),ROW(AL7))))} -> 176 | AL13: {=IF( ISERROR(INDEX(Häufigkeiten!AL:AL,SMALL(IF(Häufigkeiten!AL$7:AL$51<>0,ROW($7:$51)),ROW(AL7)))),"",INDEX(Häufigkeiten!AL:AL,SMALL(IF(Häufigkeiten!AL$7:AL$51<>0,ROW($7:$51)),ROW(AL7))))} -> 5 | AM13: =IF(ISERROR(AL13/AH$4),"",AL13/AH$4) -> 0.17241379
A14: {=IF( ISERROR(INDEX(Häufigkeiten!B:B,SMALL(IF(Häufigkeiten!B$7:B$31<>0,ROW($7:$31)),ROW(B8)))),"",INDEX(Häufigkeiten!A:A,SMALL(IF(Häufigkeiten!B$7:B$31<>0,ROW($7:$31)),ROW(B8))))} -> 26 | B14: {=IF( ISERROR(INDEX(Häufigkeiten!B:B,SMALL(IF(Häufigkeiten!B$7:B$31<>0,ROW($7:$31)),ROW(B8)))),"",INDEX(Häufigkeiten!B:B,SMALL(IF(Häufigkeiten!B$7:B$31<>0,ROW($7:$31)),ROW(B8))))} -> 6 | C14: =IF(ISERROR(B14/$B$4),"",B14/$B$4) -> 0.085714286 | E14: {=IF( ISERROR(INDEX(Häufigkeiten!F:F,SMALL(IF(Häufigkeiten!F$7:F$51<>0,ROW($7:$51)),ROW(F8)))),"",INDEX(Häufigkeiten!E:E,SMALL(IF(Häufigkeiten!F$7:F$51<>0,ROW($7:$51)),ROW(F8))))} -> 169 | F14: {=IF( ISERROR(INDEX(Häufigkeiten!F:F,SMALL(IF(Häufigkeiten!F$7:F$51<>0,ROW($7:$51)),ROW(F8)))),"",INDEX(Häufigkeiten!F:F,SMALL(IF(Häufigkeiten!F$7:F$51<>0,ROW($7:$51)),ROW(F8))))} -> 1 | G14: =IF(ISERROR(F14/B$4),"",F14/B$4) -> 0.014285714 | Q14: {=IF( ISERROR(INDEX(Häufigkeiten!R:R,SMALL(IF(Häufigkeiten!R$7:R$31<>0,ROW($7:$31)),ROW(R8)))),"",INDEX(Häufigkeiten!Q:Q,SMALL(IF(Häufigkeiten!R$7:R$31<>0,ROW($7:$31)),ROW(R8))))} -> 26 | R14: {=IF( ISERROR(INDEX(Häufigkeiten!R:R,SMALL(IF(Häufigkeiten!R$7:R$31<>0,ROW($7:$31)),ROW(R8)))),"",INDEX(Häufigkeiten!R:R,SMALL(IF(Häufigkeiten!R$7:R$31<>0,ROW($7:$31)),ROW(R8))))} -> 2 | S14: =IF(ISERROR(R14/$R$4),"",R14/$R$4) -> 0.048780488 | U14: {=IF( ISERROR(INDEX(Häufigkeiten!V:V,SMALL(IF(Häufigkeiten!V$7:V$51<>0,ROW($7:$51)),ROW(V8)))),"",INDEX(Häufigkeiten!U:U,SMALL(IF(Häufigkeiten!V$7:V$51<>0,ROW($7:$51)),ROW(V8))))} -> 170 | V14: {=IF( ISERROR(INDEX(Häufigkeiten!V:V,SMALL(IF(Häufigkeiten!V$7:V$51<>0,ROW($7:$51)),ROW(V8)))),"",INDEX(Häufigkeiten!V:V,SMALL(IF(Häufigkeiten!V$7:V$51<>0,ROW($7:$51)),ROW(V8))))} -> 5 | W14: =IF(ISERROR(V14/R$4),"",V14/R$4) -> 0.12195122 | AG14: {=IF( ISERROR(INDEX(Häufigkeiten!AH:AH,SMALL(IF(Häufigkeiten!AH$7:AH$31<>0,ROW($7:$31)),ROW(AH8)))),"",INDEX(Häufigkeiten!AG:AG,SMALL(IF(Häufigkeiten!AH$7:AH$31<>0,ROW($7:$31)),ROW(AH8))))} -> 26 | AH14: {=IF( ISERROR(INDEX(Häufigkeiten!AH:AH,SMALL(IF(Häufigkeiten!AH$7:AH$31<>0,ROW($7:$31)),ROW(AH8)))),"",INDEX(Häufigkeiten!AH:AH,SMALL(IF(Häufigkeiten!AH$7:AH$31<>0,ROW($7:$31)),ROW(AH8))))} -> 4 | AI14: =IF(ISERROR(AH14/AH$4),"",AH14/AH$4) -> 0.13793103 | AK14: {=IF( ISERROR(INDEX(Häufigkeiten!AL:AL,SMALL(IF(Häufigkeiten!AL$7:AL$51<>0,ROW($7:$51)),ROW(AL8)))),"",INDEX(Häufigkeiten!AK:AK,SMALL(IF(Häufigkeiten!AL$7:AL$51<>0,ROW($7:$51)),ROW(AL8))))} -> 178 | AL14: {=IF( ISERROR(INDEX(Häufigkeiten!AL:AL,SMALL(IF(Häufigkeiten!AL$7:AL$51<>0,ROW($7:$51)),ROW(AL8)))),"",INDEX(Häufigkeiten!AL:AL,SMALL(IF(Häufigkeiten!AL$7:AL$51<>0,ROW($7:$51)),ROW(AL8))))} -> 2 | AM14: =IF(ISERROR(AL14/AH$4),"",AL14/AH$4) -> 0.068965517
A15: {=IF( ISERROR(INDEX(Häufigkeiten!B:B,SMALL(IF(Häufigkeiten!B$7:B$31<>0,ROW($7:$31)),ROW(B9)))),"",INDEX(Häufigkeiten!A:A,SMALL(IF(Häufigkeiten!B$7:B$31<>0,ROW($7:$31)),ROW(B9))))} -> 27 | B15: {=IF( ISERROR(INDEX(Häufigkeiten!B:B,SMALL(IF(Häufigkeiten!B$7:B$31<>0,ROW($7:$31)),ROW(B9)))),"",INDEX(Häufigkeiten!B:B,SMALL(IF(Häufigkeiten!B$7:B$31<>0,ROW($7:$31)),ROW(B9))))} -> 1 | C15: =IF(ISERROR(B15/$B$4),"",B15/$B$4) -> 0.014285714 | E15: {=IF( ISERROR(INDEX(Häufigkeiten!F:F,SMALL(IF(Häufigkeiten!F$7:F$51<>0,ROW($7:$51)),ROW(F9)))),"",INDEX(Häufigkeiten!E:E,SMALL(IF(Häufigkeiten!F$7:F$51<>0,ROW($7:$51)),ROW(F9))))} -> 170 | F15: {=IF( ISERROR(INDEX(Häufigkeiten!F:F,SMALL(IF(Häufigkeiten!F$7:F$51<>0,ROW($7:$51)),ROW(F9)))),"",INDEX(Häufigkeiten!F:F,SMALL(IF(Häufigkeiten!F$7:F$51<>0,ROW($7:$51)),ROW(F9))))} -> 7 | G15: =IF(ISERROR(F15/B$4),"",F15/B$4) -> 0.1 | I15: =SUM(F12:F15) -> 12 | Q15: {=IF( ISERROR(INDEX(Häufigkeiten!R:R,SMALL(IF(Häufigkeiten!R$7:R$31<>0,ROW($7:$31)),ROW(R9)))),"",INDEX(Häufigkeiten!Q:Q,SMALL(IF(Häufigkeiten!R$7:R$31<>0,ROW($7:$31)),ROW(R9))))} -> 27 | R15: {=IF( ISERROR(INDEX(Häufigkeiten!R:R,SMALL(IF(Häufigkeiten!R$7:R$31<>0,ROW($7:$31)),ROW(R9)))),"",INDEX(Häufigkeiten!R:R,SMALL(IF(Häufigkeiten!R$7:R$31<>0,ROW($7:$31)),ROW(R9))))} -> 1 | S15: =IF(ISERROR(R15/$R$4),"",R15/$R$4) -> 0.024390244 | U15: {=IF( ISERROR(INDEX(Häufigkeiten!V:V,SMALL(IF(Häufigkeiten!V$7:V$51<>0,ROW($7:$51)),ROW(V9)))),"",INDEX(Häufigkeiten!U:U,SMALL(IF(Häufigkeiten!V$7:V$51<>0,ROW($7:$51)),ROW(V9))))} -> 171 | V15: {=IF( ISERROR(INDEX(Häufigkeiten!V:V,SMALL(IF(Häufigkeiten!V$7:V$51<>0,ROW($7:$51)),ROW(V9)))),"",INDEX(Häufigkeiten!V:V,SMALL(IF(Häufigkeiten!V$7:V$51<>0,ROW($7:$51)),ROW(V9))))} -> 1 | W15: =IF(ISERROR(V15/R$4),"",V15/R$4) -> 0.024390244 | AG15: {=IF( ISERROR(INDEX(Häufigkeiten!AH:AH,SMALL(IF(Häufigkeiten!AH$7:AH$31<>0,ROW($7:$31)),ROW(AH9)))),"",INDEX(Häufigkeiten!AG:AG,SMALL(IF(Häufigkeiten!AH$7:AH$31<>0,ROW($7:$31)),ROW(AH9))))} | AH15: {=IF( ISERROR(INDEX(Häufigkeiten!AH:AH,SMALL(IF(Häufigkeiten!AH$7:AH$31<>0,ROW($7:$31)),ROW(AH9)))),"",INDEX(Häufigkeiten!AH:AH,SMALL(IF(Häufigkeiten!AH$7:AH$31<>0,ROW($7:$31)),ROW(AH9))))} | AI15: =IF(ISERROR(AH15/AH$4),"",AH15/AH$4) | AK15: {=IF( ISERROR(INDEX(Häufigkeiten!AL:AL,SMALL(IF(Häufigkeiten!AL$7:AL$51<>0,ROW($7:$51)),ROW(AL9)))),"",INDEX(Häufigkeiten!AK:AK,SMALL(IF(Häufigkeiten!AL$7:AL$51<>0,ROW($7:$51)),ROW(AL9))))} -> 180 | AL15: {=IF( ISERROR(INDEX(Häufigkeiten!AL:AL,SMALL(IF(Häufigkeiten!AL$7:AL$51<>0,ROW($7:$51)),ROW(AL9)))),"",INDEX(Häufigkeiten!AL:AL,SMALL(IF(Häufigkeiten!AL$7:AL$51<>0,ROW($7:$51)),ROW(AL9))))} -> 1 | AM15: =IF(ISERROR(AL15/AH$4),"",AL15/AH$4) -> 0.034482759
A16: {=IF( ISERROR(INDEX(Häufigkeiten!B:B,SMALL(IF(Häufigkeiten!B$7:B$31<>0,ROW($7:$31)),ROW(B10)))),"",INDEX(Häufigkeiten!A:A,SMALL(IF(Häufigkeiten!B$7:B$31<>0,ROW($7:$31)),ROW(B10))))} -> 28 | B16: {=IF( ISERROR(INDEX(Häufigkeiten!B:B,SMALL(IF(Häufigkeiten!B$7:B$31<>0,ROW($7:$31)),ROW(B10)))),"",INDEX(Häufigkeiten!B:B,SMALL(IF(Häufigkeiten!B$7:B$31<>0,ROW($7:$31)),ROW(B10))))} -> 2 | C16: =IF(ISERROR(B16/$B$4),"",B16/$B$4) -> 0.028571429 | E16: {=IF( ISERROR(INDEX(Häufigkeiten!F:F,SMALL(IF(Häufigkeiten!F$7:F$51<>0,ROW($7:$51)),ROW(F10)))),"",INDEX(Häufigkeiten!E:E,SMALL(IF(Häufigkeiten!F$7:F$51<>0,ROW($7:$51)),ROW(F10))))} -> 171 | F16: {=IF( ISERROR(INDEX(Häufigkeiten!F:F,SMALL(IF(Häufigkeiten!F$7:F$51<>0,ROW($7:$51)),ROW(F10)))),"",INDEX(Häufigkeiten!F:F,SMALL(IF(Häufigkeiten!F$7:F$51<>0,ROW($7:$51)),ROW(F10))))} -> 1 | G16: =IF(ISERROR(F16/B$4),"",F16/B$4) -> 0.014285714 | Q16: {=IF( ISERROR(INDEX(Häufigkeiten!R:R,SMALL(IF(Häufigkeiten!R$7:R$31<>0,ROW($7:$31)),ROW(R10)))),"",INDEX(Häufigkeiten!Q:Q,SMALL(IF(Häufigkeiten!R$7:R$31<>0,ROW($7:$31)),ROW(R10))))} -> 28 | R16: {=IF( ISERROR(INDEX(Häufigkeiten!R:R,SMALL(IF(Häufigkeiten!R$7:R$31<>0,ROW($7:$31)),ROW(R10)))),"",INDEX(Häufigkeiten!R:R,SMALL(IF(Häufigkeiten!R$7:R$31<>0,ROW($7:$31)),ROW(R10))))} -> 2 | S16: =IF(ISERROR(R16/$R$4),"",R16/$R$4) -> 0.048780488 | U16: {=IF( ISERROR(INDEX(Häufigkeiten!V:V,SMALL(IF(Häufigkeiten!V$7:V$51<>0,ROW($7:$51)),ROW(V10)))),"",INDEX(Häufigkeiten!U:U,SMALL(IF(Häufigkeiten!V$7:V$51<>0,ROW($7:$51)),ROW(V10))))} -> 172 | V16: {=IF( ISERROR(INDEX(Häufigkeiten!V:V,SMALL(IF(Häufigkeiten!V$7:V$51<>0,ROW($7:$51)),ROW(V10)))),"",INDEX(Häufigkeiten!V:V,SMALL(IF(Häufigkeiten!V$7:V$51<>0,ROW($7:$51)),ROW(V10))))} -> 1 | W16: =IF(ISERROR(V16/R$4),"",V16/R$4) -> 0.024390244 | AG16: {=IF( ISERROR(INDEX(Häufigkeiten!AH:AH,SMALL(IF(Häufigkeiten!AH$7:AH$31<>0,ROW($7:$31)),ROW(AH10)))),"",INDEX(Häufigkeiten!AG:AG,SMALL(IF(Häufigkeiten!AH$7:AH$31<>0,ROW($7:$31)),ROW(AH10))))} | AH16: {=IF( ISERROR(INDEX(Häufigkeiten!AH:AH,SMALL(IF(Häufigkeiten!AH$7:AH$31<>0,ROW($7:$31)),ROW(AH10)))),"",INDEX(Häufigkeiten!AH:AH,SMALL(IF(Häufigkeiten!AH$7:AH$31<>0,ROW($7:$31)),ROW(AH10))))} | AI16: =IF(ISERROR(AH16/AH$4),"",AH16/AH$4) | AK16: {=IF( ISERROR(INDEX(Häufigkeiten!AL:AL,SMALL(IF(Häufigkeiten!AL$7:AL$51<>0,ROW($7:$51)),ROW(AL10)))),"",INDEX(Häufigkeiten!AK:AK,SMALL(IF(Häufigkeiten!AL$7:AL$51<>0,ROW($7:$51)),ROW(AL10))))} -> 182 | AL16: {=IF( ISERROR(INDEX(Häufigkeiten!AL:AL,SMALL(IF(Häufigkeiten!AL$7:AL$51<>0,ROW($7:$51)),ROW(AL10)))),"",INDEX(Häufigkeiten!AL:AL,SMALL(IF(Häufigkeiten!AL$7:AL$51<>0,ROW($7:$51)),ROW(AL10))))} -> 2 | AM16: =IF(ISERROR(AL16/AH$4),"",AL16/AH$4) -> 0.068965517
A17: {=IF( ISERROR(INDEX(Häufigkeiten!B:B,SMALL(IF(Häufigkeiten!B$7:B$31<>0,ROW($7:$31)),ROW(B11)))),"",INDEX(Häufigkeiten!A:A,SMALL(IF(Häufigkeiten!B$7:B$31<>0,ROW($7:$31)),ROW(B11))))} | B17: {=IF( ISERROR(INDEX(Häufigkeiten!B:B,SMALL(IF(Häufigkeiten!B$7:B$31<>0,ROW($7:$31)),ROW(B11)))),"",INDEX(Häufigkeiten!B:B,SMALL(IF(Häufigkeiten!B$7:B$31<>0,ROW($7:$31)),ROW(B11))))} | C17: =IF(ISERROR(B17/$B$4),"",B17/$B$4) | E17: {=IF( ISERROR(INDEX(Häufigkeiten!F:F,SMALL(IF(Häufigkeiten!F$7:F$51<>0,ROW($7:$51)),ROW(F11)))),"",INDEX(Häufigkeiten!E:E,SMALL(IF(Häufigkeiten!F$7:F$51<>0,ROW($7:$51)),ROW(F11))))} -> 172 | F17: {=IF( ISERROR(INDEX(Häufigkeiten!F:F,SMALL(IF(Häufigkeiten!F$7:F$51<>0,ROW($7:$51)),ROW(F11)))),"",INDEX(Häufigkeiten!F:F,SMALL(IF(Häufigkeiten!F$7:F$51<>0,ROW($7:$51)),ROW(F11))))} -> 1 | G17: =IF(ISERROR(F17/B$4),"",F17/B$4) -> 0.014285714 | Q17: {=IF( ISERROR(INDEX(Häufigkeiten!R:R,SMALL(IF(Häufigkeiten!R$7:R$31<>0,ROW($7:$31)),ROW(R11)))),"",INDEX(Häufigkeiten!Q:Q,SMALL(IF(Häufigkeiten!R$7:R$31<>0,ROW($7:$31)),ROW(R11))))} | R17: {=IF( ISERROR(INDEX(Häufigkeiten!R:R,SMALL(IF(Häufigkeiten!R$7:R$31<>0,ROW($7:$31)),ROW(R11)))),"",INDEX(Häufigkeiten!R:R,SMALL(IF(Häufigkeiten!R$7:R$31<>0,ROW($7:$31)),ROW(R11))))} | S17: =IF(ISERROR(R17/$R$4),"",R17/$R$4) | U17: {=IF( ISERROR(INDEX(Häufigkeiten!V:V,SMALL(IF(Häufigkeiten!V$7:V$51<>0,ROW($7:$51)),ROW(V11)))),"",INDEX(Häufigkeiten!U:U,SMALL(IF(Häufigkeiten!V$7:V$51<>0,ROW($7:$51)),ROW(V11))))} -> 173 | V17: {=IF( ISERROR(INDEX(Häufigkeiten!V:V,SMALL(IF(Häufigkeiten!V$7:V$51<>0,ROW($7:$51)),ROW(V11)))),"",INDEX(Häufigkeiten!V:V,SMALL(IF(Häufigkeiten!V$7:V$51<>0,ROW($7:$51)),ROW(V11))))} -> 1 | W17: =IF(ISERROR(V17/R$4),"",V17/R$4) -> 0.024390244 | AG17: {=IF( ISERROR(INDEX(Häufigkeiten!AH:AH,SMALL(IF(Häufigkeiten!AH$7:AH$31<>0,ROW($7:$31)),ROW(AH11)))),"",INDEX(Häufigkeiten!AG:AG,SMALL(IF(Häufigkeiten!AH$7:AH$31<>0,ROW($7:$31)),ROW(AH11))))} | AH17: {=IF( ISERROR(INDEX(Häufigkeiten!AH:AH,SMALL(IF(Häufigkeiten!AH$7:AH$31<>0,ROW($7:$31)),ROW(AH11)))),"",INDEX(Häufigkeiten!AH:AH,SMALL(IF(Häufigkeiten!AH$7:AH$31<>0,ROW($7:$31)),ROW(AH11))))} | AI17: =IF(ISERROR(AH17/AH$4),"",AH17/AH$4) | AK17: {=IF( ISERROR(INDEX(Häufigkeiten!AL:AL,SMALL(IF(Häufigkeiten!AL$7:AL$51<>0,ROW($7:$51)),ROW(AL11)))),"",INDEX(Häufigkeiten!AK:AK,SMALL(IF(Häufigkeiten!AL$7:AL$51<>0,ROW($7:$51)),ROW(AL11))))} -> 183 | AL17: {=IF( ISERROR(INDEX(Häufigkeiten!AL:AL,SMALL(IF(Häufigkeiten!AL$7:AL$51<>0,ROW($7:$51)),ROW(AL11)))),"",INDEX(Häufigkeiten!AL:AL,SMALL(IF(Häufigkeiten!AL$7:AL$51<>0,ROW($7:$51)),ROW(AL11))))} -> 2 | AM17: =IF(ISERROR(AL17/AH$4),"",AL17/AH$4) -> 0.068965517
A18: {=IF( ISERROR(INDEX(Häufigkeiten!B:B,SMALL(IF(Häufigkeiten!B$7:B$31<>0,ROW($7:$31)),ROW(B12)))),"",INDEX(Häufigkeiten!A:A,SMALL(IF(Häufigkeiten!B$7:B$31<>0,ROW($7:$31)),ROW(B12))))} | B18: {=IF( ISERROR(INDEX(Häufigkeiten!B:B,SMALL(IF(Häufigkeiten!B$7:B$31<>0,ROW($7:$31)),ROW(B12)))),"",INDEX(Häufigkeiten!B:B,SMALL(IF(Häufigkeiten!B$7:B$31<>0,ROW($7:$31)),ROW(B12))))} | C18: =IF(ISERROR(B18/$B$4),"",B18/$B$4) | E18: {=IF( ISERROR(INDEX(Häufigkeiten!F:F,SMALL(IF(Häufigkeiten!F$7:F$51<>0,ROW($7:$51)),ROW(F12)))),"",INDEX(Häufigkeiten!E:E,SMALL(IF(Häufigkeiten!F$7:F$51<>0,ROW($7:$51)),ROW(F12))))} -> 173 | F18: {=IF( ISERROR(INDEX(Häufigkeiten!F:F,SMALL(IF(Häufigkeiten!F$7:F$51<>0,ROW($7:$51)),ROW(F12)))),"",INDEX(Häufigkeiten!F:F,SMALL(IF(Häufigkeiten!F$7:F$51<>0,ROW($7:$51)),ROW(F12))))} -> 1 | G18: =IF(ISERROR(F18/B$4),"",F18/B$4) -> 0.014285714 | Q18: {=IF( ISERROR(INDEX(Häufigkeiten!R:R,SMALL(IF(Häufigkeiten!R$7:R$31<>0,ROW($7:$31)),ROW(R12)))),"",INDEX(Häufigkeiten!Q:Q,SMALL(IF(Häufigkeiten!R$7:R$31<>0,ROW($7:$31)),ROW(R12))))} | R18: {=IF( ISERROR(INDEX(Häufigkeiten!R:R,SMALL(IF(Häufigkeiten!R$7:R$31<>0,ROW($7:$31)),ROW(R12)))),"",INDEX(Häufigkeiten!R:R,SMALL(IF(Häufigkeiten!R$7:R$31<>0,ROW($7:$31)),ROW(R12))))} | S18: =IF(ISERROR(R18/$R$4),"",R18/$R$4) | U18: {=IF( ISERROR(INDEX(Häufigkeiten!V:V,SMALL(IF(Häufigkeiten!V$7:V$51<>0,ROW($7:$51)),ROW(V12)))),"",INDEX(Häufigkeiten!U:U,SMALL(IF(Häufigkeiten!V$7:V$51<>0,ROW($7:$51)),ROW(V12))))} -> 174 | V18: {=IF( ISERROR(INDEX(Häufigkeiten!V:V,SMALL(IF(Häufigkeiten!V$7:V$51<>0,ROW($7:$51)),ROW(V12)))),"",INDEX(Häufigkeiten!V:V,SMALL(IF(Häufigkeiten!V$7:V$51<>0,ROW($7:$51)),ROW(V12))))} -> 2 | W18: =IF(ISERROR(V18/R$4),"",V18/R$4) -> 0.048780488 | AG18: {=IF( ISERROR(INDEX(Häufigkeiten!AH:AH,SMALL(IF(Häufigkeiten!AH$7:AH$31<>0,ROW($7:$31)),ROW(AH12)))),"",INDEX(Häufigkeiten!AG:AG,SMALL(IF(Häufigkeiten!AH$7:AH$31<>0,ROW($7:$31)),ROW(AH12))))} | AH18: {=IF( ISERROR(INDEX(Häufigkeiten!AH:AH,SMALL(IF(Häufigkeiten!AH$7:AH$31<>0,ROW($7:$31)),ROW(AH12)))),"",INDEX(Häufigkeiten!AH:AH,SMALL(IF(Häufigkeiten!AH$7:AH$31<>0,ROW($7:$31)),ROW(AH12))))} | AI18: =IF(ISERROR(AH18/AH$4),"",AH18/AH$4) | AK18: {=IF( ISERROR(INDEX(Häufigkeiten!AL:AL,SMALL(IF(Häufigkeiten!AL$7:AL$51<>0,ROW($7:$51)),ROW(AL12)))),"",INDEX(Häufigkeiten!AK:AK,SMALL(IF(Häufigkeiten!AL$7:AL$51<>0,ROW($7:$51)),ROW(AL12))))} -> 184 | AL18: {=IF( ISERROR(INDEX(Häufigkeiten!AL:AL,SMALL(IF(Häufigkeiten!AL$7:AL$51<>0,ROW($7:$51)),ROW(AL12)))),"",INDEX(Häufigkeiten!AL:AL,SMALL(IF(Häufigkeiten!AL$7:AL$51<>0,ROW($7:$51)),ROW(AL12))))} -> 2 | AM18: =IF(ISERROR(AL18/AH$4),"",AL18/AH$4) -> 0.068965517
A19: {=IF( ISERROR(INDEX(Häufigkeiten!B:B,SMALL(IF(Häufigkeiten!B$7:B$31<>0,ROW($7:$31)),ROW(B13)))),"",INDEX(Häufigkeiten!A:A,SMALL(IF(Häufigkeiten!B$7:B$31<>0,ROW($7:$31)),ROW(B13))))} | B19: {=IF( ISERROR(INDEX(Häufigkeiten!B:B,SMALL(IF(Häufigkeiten!B$7:B$31<>0,ROW($7:$31)),ROW(B13)))),"",INDEX(Häufigkeiten!B:B,SMALL(IF(Häufigkeiten!B$7:B$31<>0,ROW($7:$31)),ROW(B13))))} | C19: =IF(ISERROR(B19/$B$4),"",B19/$B$4) | E19: {=IF( ISERROR(INDEX(Häufigkeiten!F:F,SMALL(IF(Häufigkeiten!F$7:F$51<>0,ROW($7:$51)),ROW(F13)))),"",INDEX(Häufigkeiten!E:E,SMALL(IF(Häufigkeiten!F$7:F$51<>0,ROW($7:$51)),ROW(F13))))} -> 174 | F19: {=IF( ISERROR(INDEX(Häufigkeiten!F:F,SMALL(IF(Häufigkeiten!F$7:F$51<>0,ROW($7:$51)),ROW(F13)))),"",INDEX(Häufigkeiten!F:F,SMALL(IF(Häufigkeiten!F$7:F$51<>0,ROW($7:$51)),ROW(F13))))} -> 3 | G19: =IF(ISERROR(F19/B$4),"",F19/B$4) -> 0.042857143 | Q19: {=IF( ISERROR(INDEX(Häufigkeiten!R:R,SMALL(IF(Häufigkeiten!R$7:R$31<>0,ROW($7:$31)),ROW(R13)))),"",INDEX(Häufigkeiten!Q:Q,SMALL(IF(Häufigkeiten!R$7:R$31<>0,ROW($7:$31)),ROW(R13))))} | R19: {=IF( ISERROR(INDEX(Häufigkeiten!R:R,SMALL(IF(Häufigkeiten!R$7:R$31<>0,ROW($7:$31)),ROW(R13)))),"",INDEX(Häufigkeiten!R:R,SMALL(IF(Häufigkeiten!R$7:R$31<>0,ROW($7:$31)),ROW(R13))))} | S19: =IF(ISERROR(R19/$R$4),"",R19/$R$4) | U19: {=IF( ISERROR(INDEX(Häufigkeiten!V:V,SMALL(IF(Häufigkeiten!V$7:V$51<>0,ROW($7:$51)),ROW(V13)))),"",INDEX(Häufigkeiten!U:U,SMALL(IF(Häufigkeiten!V$7:V$51<>0,ROW($7:$51)),ROW(V13))))} -> 176 | V19: {=IF( ISERROR(INDEX(Häufigkeiten!V:V,SMALL(IF(Häufigkeiten!V$7:V$51<>0,ROW($7:$51)),ROW(V13)))),"",INDEX(Häufigkeiten!V:V,SMALL(IF(Häufigkeiten!V$7:V$51<>0,ROW($7:$51)),ROW(V13))))} -> 1 | W19: =IF(ISERROR(V19/R$4),"",V19/R$4) -> 0.024390244 | AG19: {=IF( ISERROR(INDEX(Häufigkeiten!AH:AH,SMALL(IF(Häufigkeiten!AH$7:AH$31<>0,ROW($7:$31)),ROW(AH13)))),"",INDEX(Häufigkeiten!AG:AG,SMALL(IF(Häufigkeiten!AH$7:AH$31<>0,ROW($7:$31)),ROW(AH13))))} | AH19: {=IF( ISERROR(INDEX(Häufigkeiten!AH:AH,SMALL(IF(Häufigkeiten!AH$7:AH$31<>0,ROW($7:$31)),ROW(AH13)))),"",INDEX(Häufigkeiten!AH:AH,SMALL(IF(Häufigkeiten!AH$7:AH$31<>0,ROW($7:$31)),ROW(AH13))))} | AI19: =IF(ISERROR(AH19/AH$4),"",AH19/AH$4) | AK19: {=IF( ISERROR(INDEX(Häufigkeiten!AL:AL,SMALL(IF(Häufigkeiten!AL$7:AL$51<>0,ROW($7:$51)),ROW(AL13)))),"",INDEX(Häufigkeiten!AK:AK,SMALL(IF(Häufigkeiten!AL$7:AL$51<>0,ROW($7:$51)),ROW(AL13))))} -> 185 | AL19: {=IF( ISERROR(INDEX(Häufigkeiten!AL:AL,SMALL(IF(Häufigkeiten!AL$7:AL$51<>0,ROW($7:$51)),ROW(AL13)))),"",INDEX(Häufigkeiten!AL:AL,SMALL(IF(Häufigkeiten!AL$7:AL$51<>0,ROW($7:$51)),ROW(AL13))))} -> 4 | AM19: =IF(ISERROR(AL19/AH$4),"",AL19/AH$4) -> 0.13793103
A20: {=IF( ISERROR(INDEX(Häufigkeiten!B:B,SMALL(IF(Häufigkeiten!B$7:B$31<>0,ROW($7:$31)),ROW(B14)))),"",INDEX(Häufigkeiten!A:A,SMALL(IF(Häufigkeiten!B$7:B$31<>0,ROW($7:$31)),ROW(B14))))} | B20: {=IF( ISERROR(INDEX(Häufigkeiten!B:B,SMALL(IF(Häufigkeiten!B$7:B$31<>0,ROW($7:$31)),ROW(B14)))),"",INDEX(Häufigkeiten!B:B,SMALL(IF(Häufigkeiten!B$7:B$31<>0,ROW($7:$31)),ROW(B14))))} | C20: =IF(ISERROR(B20/$B$4),"",B20/$B$4) | E20: {=IF( ISERROR(INDEX(Häufigkeiten!F:F,SMALL(IF(Häufigkeiten!F$7:F$51<>0,ROW($7:$51)),ROW(F14)))),"",INDEX(Häufigkeiten!E:E,SMALL(IF(Häufigkeiten!F$7:F$51<>0,ROW($7:$51)),ROW(F14))))} -> 175 | F20: {=IF( ISERROR(INDEX(Häufigkeiten!F:F,SMALL(IF(Häufigkeiten!F$7:F$51<>0,ROW($7:$51)),ROW(F14)))),"",INDEX(Häufigkeiten!F:F,SMALL(IF(Häufigkeiten!F$7:F$51<>0,ROW($7:$51)),ROW(F14))))} -> 1 | G20: =IF(ISERROR(F20/B$4),"",F20/B$4) -> 0.014285714 | Q20: {=IF( ISERROR(INDEX(Häufigkeiten!R:R,SMALL(IF(Häufigkeiten!R$7:R$31<>0,ROW($7:$31)),ROW(R14)))),"",INDEX(Häufigkeiten!Q:Q,SMALL(IF(Häufigkeiten!R$7:R$31<>0,ROW($7:$31)),ROW(R14))))} | R20: {=IF( ISERROR(INDEX(Häufigkeiten!R:R,SMALL(IF(Häufigkeiten!R$7:R$31<>0,ROW($7:$31)),ROW(R14)))),"",INDEX(Häufigkeiten!R:R,SMALL(IF(Häufigkeiten!R$7:R$31<>0,ROW($7:$31)),ROW(R14))))} | S20: =IF(ISERROR(R20/$R$4),"",R20/$R$4) | U20: {=IF( ISERROR(INDEX(Häufigkeiten!V:V,SMALL(IF(Häufigkeiten!V$7:V$51<>0,ROW($7:$51)),ROW(V14)))),"",INDEX(Häufigkeiten!U:U,SMALL(IF(Häufigkeiten!V$7:V$51<>0,ROW($7:$51)),ROW(V14))))} -> 178 | V20: {=IF( ISERROR(INDEX(Häufigkeiten!V:V,SMALL(IF(Häufigkeiten!V$7:V$51<>0,ROW($7:$51)),ROW(V14)))),"",INDEX(Häufigkeiten!V:V,SMALL(IF(Häufigkeiten!V$7:V$51<>0,ROW($7:$51)),ROW(V14))))} -> 1 | W20: =IF(ISERROR(V20/R$4),"",V20/R$4) -> 0.024390244 | AG20: {=IF( ISERROR(INDEX(Häufigkeiten!AH:AH,SMALL(IF(Häufigkeiten!AH$7:AH$31<>0,ROW($7:$31)),ROW(AH14)))),"",INDEX(Häufigkeiten!AG:AG,SMALL(IF(Häufigkeiten!AH$7:AH$31<>0,ROW($7:$31)),ROW(AH14))))} | AH20: {=IF( ISERROR(INDEX(Häufigkeiten!AH:AH,SMALL(IF(Häufigkeiten!AH$7:AH$31<>0,ROW($7:$31)),ROW(AH14)))),"",INDEX(Häufigkeiten!AH:AH,SMALL(IF(Häufigkeiten!AH$7:AH$31<>0,ROW($7:$31)),ROW(AH14))))} | AI20: =IF(ISERROR(AH20/AH$4),"",AH20/AH$4) | AK20: {=IF( ISERROR(INDEX(Häufigkeiten!AL:AL,SMALL(IF(Häufigkeiten!AL$7:AL$51<>0,ROW($7:$51)),ROW(AL14)))),"",INDEX(Häufigkeiten!AK:AK,SMALL(IF(Häufigkeiten!AL$7:AL$51<>0,ROW($7:$51)),ROW(AL14))))} -> 188 | AL20: {=IF( ISERROR(INDEX(Häufigkeiten!AL:AL,SMALL(IF(Häufigkeiten!AL$7:AL$51<>0,ROW($7:$51)),ROW(AL14)))),"",INDEX(Häufigkeiten!AL:AL,SMALL(IF(Häufigkeiten!AL$7:AL$51<>0,ROW($7:$51)),ROW(AL14))))} -> 1 | AM20: =IF(ISERROR(AL20/AH$4),"",AL20/AH$4) -> 0.034482759
A21: {=IF( ISERROR(INDEX(Häufigkeiten!B:B,SMALL(IF(Häufigkeiten!B$7:B$31<>0,ROW($7:$31)),ROW(B15)))),"",INDEX(Häufigkeiten!A:A,SMALL(IF(Häufigkeiten!B$7:B$31<>0,ROW($7:$31)),ROW(B15))))} | B21: {=IF( ISERROR(INDEX(Häufigkeiten!B:B,SMALL(IF(Häufigkeiten!B$7:B$31<>0,ROW($7:$31)),ROW(B15)))),"",INDEX(Häufigkeiten!B:B,SMALL(IF(Häufigkeiten!B$7:B$31<>0,ROW($7:$31)),ROW(B15))))} | C21: =IF(ISERROR(B21/$B$4),"",B21/$B$4) | E21: {=IF( ISERROR(INDEX(Häufigkeiten!F:F,SMALL(IF(Häufigkeiten!F$7:F$51<>0,ROW($7:$51)),ROW(F15)))),"",INDEX(Häufigkeiten!E:E,SMALL(IF(Häufigkeiten!F$7:F$51<>0,ROW($7:$51)),ROW(F15))))} -> 176 | F21: {=IF( ISERROR(INDEX(Häufigkeiten!F:F,SMALL(IF(Häufigkeiten!F$7:F$51<>0,ROW($7:$51)),ROW(F15)))),"",INDEX(Häufigkeiten!F:F,SMALL(IF(Häufigkeiten!F$7:F$51<>0,ROW($7:$51)),ROW(F15))))} -> 6 | G21: =IF(ISERROR(F21/B$4),"",F21/B$4) -> 0.085714286 | I21: =SUM(F16:F21) -> 13 | Q21: {=IF( ISERROR(INDEX(Häufigkeiten!R:R,SMALL(IF(Häufigkeiten!R$7:R$31<>0,ROW($7:$31)),ROW(R15)))),"",INDEX(Häufigkeiten!Q:Q,SMALL(IF(Häufigkeiten!R$7:R$31<>0,ROW($7:$31)),ROW(R15))))} | R21: {=IF( ISERROR(INDEX(Häufigkeiten!R:R,SMALL(IF(Häufigkeiten!R$7:R$31<>0,ROW($7:$31)),ROW(R15)))),"",INDEX(Häufigkeiten!R:R,SMALL(IF(Häufigkeiten!R$7:R$31<>0,ROW($7:$31)),ROW(R15))))} | S21: =IF(ISERROR(R21/$R$4),"",R21/$R$4) | U21: {=IF( ISERROR(INDEX(Häufigkeiten!V:V,SMALL(IF(Häufigkeiten!V$7:V$51<>0,ROW($7:$51)),ROW(V15)))),"",INDEX(Häufigkeiten!U:U,SMALL(IF(Häufigkeiten!V$7:V$51<>0,ROW($7:$51)),ROW(V15))))} -> 180 | V21: {=IF( ISERROR(INDEX(Häufigkeiten!V:V,SMALL(IF(Häufigkeiten!V$7:V$51<>0,ROW($7:$51)),ROW(V15)))),"",INDEX(Häufigkeiten!V:V,SMALL(IF(Häufigkeiten!V$7:V$51<>0,ROW($7:$51)),ROW(V15))))} -> 3 | W21: =IF(ISERROR(V21/R$4),"",V21/R$4) -> 0.073170732 | AG21: {=IF( ISERROR(INDEX(Häufigkeiten!AH:AH,SMALL(IF(Häufigkeiten!AH$7:AH$31<>0,ROW($7:$31)),ROW(AH15)))),"",INDEX(Häufigkeiten!AG:AG,SMALL(IF(Häufigkeiten!AH$7:AH$31<>0,ROW($7:$31)),ROW(AH15))))} | AH21: {=IF( ISERROR(INDEX(Häufigkeiten!AH:AH,SMALL(IF(Häufigkeiten!AH$7:AH$31<>0,ROW($7:$31)),ROW(AH15)))),"",INDEX(Häufigkeiten!AH:AH,SMALL(IF(Häufigkeiten!AH$7:AH$31<>0,ROW($7:$31)),ROW(AH15))))} | AI21: =IF(ISERROR(AH21/AH$4),"",AH21/AH$4) | AK21: {=IF( ISERROR(INDEX(Häufigkeiten!AL:AL,SMALL(IF(Häufigkeiten!AL$7:AL$51<>0,ROW($7:$51)),ROW(AL15)))),"",INDEX(Häufigkeiten!AK:AK,SMALL(IF(Häufigkeiten!AL$7:AL$51<>0,ROW($7:$51)),ROW(AL15))))} -> 195 | AL21: {=IF( ISERROR(INDEX(Häufigkeiten!AL:AL,SMALL(IF(Häufigkeiten!AL$7:AL$51<>0,ROW($7:$51)),ROW(AL15)))),"",INDEX(Häufigkeiten!AL:AL,SMALL(IF(Häufigkeiten!AL$7:AL$51<>0,ROW($7:$51)),ROW(AL15))))} -> 1 | AM21: =IF(ISERROR(AL21/AH$4),"",AL21/AH$4) -> 0.034482759
A22: {=IF( ISERROR(INDEX(Häufigkeiten!B:B,SMALL(IF(Häufigkeiten!B$7:B$31<>0,ROW($7:$31)),ROW(B16)))),"",INDEX(Häufigkeiten!A:A,SMALL(IF(Häufigkeiten!B$7:B$31<>0,ROW($7:$31)),ROW(B16))))} | B22: {=IF( ISERROR(INDEX(Häufigkeiten!B:B,SMALL(IF(Häufigkeiten!B$7:B$31<>0,ROW($7:$31)),ROW(B16)))),"",INDEX(Häufigkeiten!B:B,SMALL(IF(Häufigkeiten!B$7:B$31<>0,ROW($7:$31)),ROW(B16))))} | C22: =IF(ISERROR(B22/$B$4),"",B22/$B$4) | E22: {=IF( ISERROR(INDEX(Häufigkeiten!F:F,SMALL(IF(Häufigkeiten!F$7:F$51<>0,ROW($7:$51)),ROW(F16)))),"",INDEX(Häufigkeiten!E:E,SMALL(IF(Häufigkeiten!F$7:F$51<>0,ROW($7:$51)),ROW(F16))))} -> 178 | F22: {=IF( ISERROR(INDEX(Häufigkeiten!F:F,SMALL(IF(Häufigkeiten!F$7:F$51<>0,ROW($7:$51)),ROW(F16)))),"",INDEX(Häufigkeiten!F:F,SMALL(IF(Häufigkeiten!F$7:F$51<>0,ROW($7:$51)),ROW(F16))))} -> 3 | G22: =IF(ISERROR(F22/B$4),"",F22/B$4) -> 0.042857143 | Q22: {=IF( ISERROR(INDEX(Häufigkeiten!R:R,SMALL(IF(Häufigkeiten!R$7:R$31<>0,ROW($7:$31)),ROW(R16)))),"",INDEX(Häufigkeiten!Q:Q,SMALL(IF(Häufigkeiten!R$7:R$31<>0,ROW($7:$31)),ROW(R16))))} | R22: {=IF( ISERROR(INDEX(Häufigkeiten!R:R,SMALL(IF(Häufigkeiten!R$7:R$31<>0,ROW($7:$31)),ROW(R16)))),"",INDEX(Häufigkeiten!R:R,SMALL(IF(Häufigkeiten!R$7:R$31<>0,ROW($7:$31)),ROW(R16))))} | S22: =IF(ISERROR(R22/$R$4),"",R22/$R$4) | U22: {=IF( ISERROR(INDEX(Häufigkeiten!V:V,SMALL(IF(Häufigkeiten!V$7:V$51<>0,ROW($7:$51)),ROW(V16)))),"",INDEX(Häufigkeiten!U:U,SMALL(IF(Häufigkeiten!V$7:V$51<>0,ROW($7:$51)),ROW(V16))))} -> 182 | V22: {=IF( ISERROR(INDEX(Häufigkeiten!V:V,SMALL(IF(Häufigkeiten!V$7:V$51<>0,ROW($7:$51)),ROW(V16)))),"",INDEX(Häufigkeiten!V:V,SMALL(IF(Häufigkeiten!V$7:V$51<>0,ROW($7:$51)),ROW(V16))))} -> 3 | W22: =IF(ISERROR(V22/R$4),"",V22/R$4) -> 0.073170732 | AG22: {=IF( ISERROR(INDEX(Häufigkeiten!AH:AH,SMALL(IF(Häufigkeiten!AH$7:AH$31<>0,ROW($7:$31)),ROW(AH16)))),"",INDEX(Häufigkeiten!AG:AG,SMALL(IF(Häufigkeiten!AH$7:AH$31<>0,ROW($7:$31)),ROW(AH16))))} | AH22: {=IF( ISERROR(INDEX(Häufigkeiten!AH:AH,SMALL(IF(Häufigkeiten!AH$7:AH$31<>0,ROW($7:$31)),ROW(AH16)))),"",INDEX(Häufigkeiten!AH:AH,SMALL(IF(Häufigkeiten!AH$7:AH$31<>0,ROW($7:$31)),ROW(AH16))))} | AI22: =IF(ISERROR(AH22/AH$4),"",AH22/AH$4) | AK22: {=IF( ISERROR(INDEX(Häufigkeiten!AL:AL,SMALL(IF(Häufigkeiten!AL$7:AL$51<>0,ROW($7:$51)),ROW(AL16)))),"",INDEX(Häufigkeiten!AK:AK,SMALL(IF(Häufigkeiten!AL$7:AL$51<>0,ROW($7:$51)),ROW(AL16))))} | AL22: {=IF( ISERROR(INDEX(Häufigkeiten!AL:AL,SMALL(IF(Häufigkeiten!AL$7:AL$51<>0,ROW($7:$51)),ROW(AL16)))),"",INDEX(Häufigkeiten!AL:AL,SMALL(IF(Häufigkeiten!AL$7:AL$51<>0,ROW($7:$51)),ROW(AL16))))} | AM22: =IF(ISERROR(AL22/AH$4),"",AL22/AH$4)
A23: {=IF( ISERROR(INDEX(Häufigkeiten!B:B,SMALL(IF(Häufigkeiten!B$7:B$31<>0,ROW($7:$31)),ROW(B17)))),"",INDEX(Häufigkeiten!A:A,SMALL(IF(Häufigkeiten!B$7:B$31<>0,ROW($7:$31)),ROW(B17))))} | B23: {=IF( ISERROR(INDEX(Häufigkeiten!B:B,SMALL(IF(Häufigkeiten!B$7:B$31<>0,ROW($7:$31)),ROW(B17)))),"",INDEX(Häufigkeiten!B:B,SMALL(IF(Häufigkeiten!B$7:B$31<>0,ROW($7:$31)),ROW(B17))))} | C23: =IF(ISERROR(B23/$B$4),"",B23/$B$4) | E23: {=IF( ISERROR(INDEX(Häufigkeiten!F:F,SMALL(IF(Häufigkeiten!F$7:F$51<>0,ROW($7:$51)),ROW(F17)))),"",INDEX(Häufigkeiten!E:E,SMALL(IF(Häufigkeiten!F$7:F$51<>0,ROW($7:$51)),ROW(F17))))} -> 180 | F23: {=IF( ISERROR(INDEX(Häufigkeiten!F:F,SMALL(IF(Häufigkeiten!F$7:F$51<>0,ROW($7:$51)),ROW(F17)))),"",INDEX(Häufigkeiten!F:F,SMALL(IF(Häufigkeiten!F$7:F$51<>0,ROW($7:$51)),ROW(F17))))} -> 4 | G23: =IF(ISERROR(F23/B$4),"",F23/B$4) -> 0.057142857 | Q23: {=IF( ISERROR(INDEX(Häufigkeiten!R:R,SMALL(IF(Häufigkeiten!R$7:R$31<>0,ROW($7:$31)),ROW(R17)))),"",INDEX(Häufigkeiten!Q:Q,SMALL(IF(Häufigkeiten!R$7:R$31<>0,ROW($7:$31)),ROW(R17))))} | R23: {=IF( ISERROR(INDEX(Häufigkeiten!R:R,SMALL(IF(Häufigkeiten!R$7:R$31<>0,ROW($7:$31)),ROW(R17)))),"",INDEX(Häufigkeiten!R:R,SMALL(IF(Häufigkeiten!R$7:R$31<>0,ROW($7:$31)),ROW(R17))))} | S23: =IF(ISERROR(R23/$R$4),"",R23/$R$4) | U23: {=IF( ISERROR(INDEX(Häufigkeiten!V:V,SMALL(IF(Häufigkeiten!V$7:V$51<>0,ROW($7:$51)),ROW(V17)))),"",INDEX(Häufigkeiten!U:U,SMALL(IF(Häufigkeiten!V$7:V$51<>0,ROW($7:$51)),ROW(V17))))} -> 183 | V23: {=IF( ISERROR(INDEX(Häufigkeiten!V:V,SMALL(IF(Häufigkeiten!V$7:V$51<>0,ROW($7:$51)),ROW(V17)))),"",INDEX(Häufigkeiten!V:V,SMALL(IF(Häufigkeiten!V$7:V$51<>0,ROW($7:$51)),ROW(V17))))} -> 2 | W23: =IF(ISERROR(V23/R$4),"",V23/R$4) -> 0.048780488 | AG23: {=IF( ISERROR(INDEX(Häufigkeiten!AH:AH,SMALL(IF(Häufigkeiten!AH$7:AH$31<>0,ROW($7:$31)),ROW(AH17)))),"",INDEX(Häufigkeiten!AG:AG,SMALL(IF(Häufigkeiten!AH$7:AH$31<>0,ROW($7:$31)),ROW(AH17))))} | AH23: {=IF( ISERROR(INDEX(Häufigkeiten!AH:AH,SMALL(IF(Häufigkeiten!AH$7:AH$31<>0,ROW($7:$31)),ROW(AH17)))),"",INDEX(Häufigkeiten!AH:AH,SMALL(IF(Häufigkeiten!AH$7:AH$31<>0,ROW($7:$31)),ROW(AH17))))} | AI23: =IF(ISERROR(AH23/AH$4),"",AH23/AH$4) | AK23: {=IF( ISERROR(INDEX(Häufigkeiten!AL:AL,SMALL(IF(Häufigkeiten!AL$7:AL$51<>0,ROW($7:$51)),ROW(AL17)))),"",INDEX(Häufigkeiten!AK:AK,SMALL(IF(Häufigkeiten!AL$7:AL$51<>0,ROW($7:$51)),ROW(AL17))))} | AL23: {=IF( ISERROR(INDEX(Häufigkeiten!AL:AL,SMALL(IF(Häufigkeiten!AL$7:AL$51<>0,ROW($7:$51)),ROW(AL17)))),"",INDEX(Häufigkeiten!AL:AL,SMALL(IF(Häufigkeiten!AL$7:AL$51<>0,ROW($7:$51)),ROW(AL17))))} | AM23: =IF(ISERROR(AL23/AH$4),"",AL23/AH$4)
A24: {=IF( ISERROR(INDEX(Häufigkeiten!B:B,SMALL(IF(Häufigkeiten!B$7:B$31<>0,ROW($7:$31)),ROW(B18)))),"",INDEX(Häufigkeiten!A:A,SMALL(IF(Häufigkeiten!B$7:B$31<>0,ROW($7:$31)),ROW(B18))))} | B24: {=IF( ISERROR(INDEX(Häufigkeiten!B:B,SMALL(IF(Häufigkeiten!B$7:B$31<>0,ROW($7:$31)),ROW(B18)))),"",INDEX(Häufigkeiten!B:B,SMALL(IF(Häufigkeiten!B$7:B$31<>0,ROW($7:$31)),ROW(B18))))} | C24: =IF(ISERROR(B24/$B$4),"",B24/$B$4) | E24: {=IF( ISERROR(INDEX(Häufigkeiten!F:F,SMALL(IF(Häufigkeiten!F$7:F$51<>0,ROW($7:$51)),ROW(F18)))),"",INDEX(Häufigkeiten!E:E,SMALL(IF(Häufigkeiten!F$7:F$51<>0,ROW($7:$51)),ROW(F18))))} -> 182 | F24: {=IF( ISERROR(INDEX(Häufigkeiten!F:F,SMALL(IF(Häufigkeiten!F$7:F$51<>0,ROW($7:$51)),ROW(F18)))),"",INDEX(Häufigkeiten!F:F,SMALL(IF(Häufigkeiten!F$7:F$51<>0,ROW($7:$51)),ROW(F18))))} -> 5 | G24: =IF(ISERROR(F24/B$4),"",F24/B$4) -> 0.071428571 | I24: =SUM(F22:F24) -> 12 | Q24: {=IF( ISERROR(INDEX(Häufigkeiten!R:R,SMALL(IF(Häufigkeiten!R$7:R$31<>0,ROW($7:$31)),ROW(R18)))),"",INDEX(Häufigkeiten!Q:Q,SMALL(IF(Häufigkeiten!R$7:R$31<>0,ROW($7:$31)),ROW(R18))))} | R24: {=IF( ISERROR(INDEX(Häufigkeiten!R:R,SMALL(IF(Häufigkeiten!R$7:R$31<>0,ROW($7:$31)),ROW(R18)))),"",INDEX(Häufigkeiten!R:R,SMALL(IF(Häufigkeiten!R$7:R$31<>0,ROW($7:$31)),ROW(R18))))} | S24: =IF(ISERROR(R24/$R$4),"",R24/$R$4) | U24: {=IF( ISERROR(INDEX(Häufigkeiten!V:V,SMALL(IF(Häufigkeiten!V$7:V$51<>0,ROW($7:$51)),ROW(V18)))),"",INDEX(Häufigkeiten!U:U,SMALL(IF(Häufigkeiten!V$7:V$51<>0,ROW($7:$51)),ROW(V18))))} -> 184 | V24: {=IF( ISERROR(INDEX(Häufigkeiten!V:V,SMALL(IF(Häufigkeiten!V$7:V$51<>0,ROW($7:$51)),ROW(V18)))),"",INDEX(Häufigkeiten!V:V,SMALL(IF(Häufigkeiten!V$7:V$51<>0,ROW($7:$51)),ROW(V18))))} -> 1 | W24: =IF(ISERROR(V24/R$4),"",V24/R$4) -> 0.024390244 | AG24: {=IF( ISERROR(INDEX(Häufigkeiten!AH:AH,SMALL(IF(Häufigkeiten!AH$7:AH$31<>0,ROW($7:$31)),ROW(AH18)))),"",INDEX(Häufigkeiten!AG:AG,SMALL(IF(Häufigkeiten!AH$7:AH$31<>0,ROW($7:$31)),ROW(AH18))))} | AH24: {=IF( ISERROR(INDEX(Häufigkeiten!AH:AH,SMALL(IF(Häufigkeiten!AH$7:AH$31<>0,ROW($7:$31)),ROW(AH18)))),"",INDEX(Häufigkeiten!AH:AH,SMALL(IF(Häufigkeiten!AH$7:AH$31<>0,ROW($7:$31)),ROW(AH18))))} | AI24: =IF(ISERROR(AH24/AH$4),"",AH24/AH$4) | AK24: {=IF( ISERROR(INDEX(Häufigkeiten!AL:AL,SMALL(IF(Häufigkeiten!AL$7:AL$51<>0,ROW($7:$51)),ROW(AL18)))),"",INDEX(Häufigkeiten!AK:AK,SMALL(IF(Häufigkeiten!AL$7:AL$51<>0,ROW($7:$51)),ROW(AL18))))} | AL24: {=IF( ISERROR(INDEX(Häufigkeiten!AL:AL,SMALL(IF(Häufigkeiten!AL$7:AL$51<>0,ROW($7:$51)),ROW(AL18)))),"",INDEX(Häufigkeiten!AL:AL,SMALL(IF(Häufigkeiten!AL$7:AL$51<>0,ROW($7:$51)),ROW(AL18))))} | AM24: =IF(ISERROR(AL24/AH$4),"",AL24/AH$4)
A25: {=IF( ISERROR(INDEX(Häufigkeiten!B:B,SMALL(IF(Häufigkeiten!B$7:B$31<>0,ROW($7:$31)),ROW(B19)))),"",INDEX(Häufigkeiten!A:A,SMALL(IF(Häufigkeiten!B$7:B$31<>0,ROW($7:$31)),ROW(B19))))} | B25: {=IF( ISERROR(INDEX(Häufigkeiten!B:B,SMALL(IF(Häufigkeiten!B$7:B$31<>0,ROW($7:$31)),ROW(B19)))),"",INDEX(Häufigkeiten!B:B,SMALL(IF(Häufigkeiten!B$7:B$31<>0,ROW($7:$31)),ROW(B19))))} | C25: =IF(ISERROR(B25/$B$4),"",B25/$B$4) | E25: {=IF( ISERROR(INDEX(Häufigkeiten!F:F,SMALL(IF(Häufigkeiten!F$7:F$51<>0,ROW($7:$51)),ROW(F19)))),"",INDEX(Häufigkeiten!E:E,SMALL(IF(Häufigkeiten!F$7:F$51<>0,ROW($7:$51)),ROW(F19))))} -> 183 | F25: {=IF( ISERROR(INDEX(Häufigkeiten!F:F,SMALL(IF(Häufigkeiten!F$7:F$51<>0,ROW($7:$51)),ROW(F19)))),"",INDEX(Häufigkeiten!F:F,SMALL(IF(Häufigkeiten!F$7:F$51<>0,ROW($7:$51)),ROW(F19))))} -> 4 | G25: =IF(ISERROR(F25/B$4),"",F25/B$4) -> 0.057142857 | Q25: {=IF( ISERROR(INDEX(Häufigkeiten!R:R,SMALL(IF(Häufigkeiten!R$7:R$31<>0,ROW($7:$31)),ROW(R19)))),"",INDEX(Häufigkeiten!Q:Q,SMALL(IF(Häufigkeiten!R$7:R$31<>0,ROW($7:$31)),ROW(R19))))} | R25: {=IF( ISERROR(INDEX(Häufigkeiten!R:R,SMALL(IF(Häufigkeiten!R$7:R$31<>0,ROW($7:$31)),ROW(R19)))),"",INDEX(Häufigkeiten!R:R,SMALL(IF(Häufigkeiten!R$7:R$31<>0,ROW($7:$31)),ROW(R19))))} | S25: =IF(ISERROR(R25/$R$4),"",R25/$R$4) | U25: {=IF( ISERROR(INDEX(Häufigkeiten!V:V,SMALL(IF(Häufigkeiten!V$7:V$51<>0,ROW($7:$51)),ROW(V19)))),"",INDEX(Häufigkeiten!U:U,SMALL(IF(Häufigkeiten!V$7:V$51<>0,ROW($7:$51)),ROW(V19))))} -> 185 | V25: {=IF( ISERROR(INDEX(Häufigkeiten!V:V,SMALL(IF(Häufigkeiten!V$7:V$51<>0,ROW($7:$51)),ROW(V19)))),"",INDEX(Häufigkeiten!V:V,SMALL(IF(Häufigkeiten!V$7:V$51<>0,ROW($7:$51)),ROW(V19))))} -> 3 | W25: =IF(ISERROR(V25/R$4),"",V25/R$4) -> 0.073170732 | AG25: {=IF( ISERROR(INDEX(Häufigkeiten!AH:AH,SMALL(IF(Häufigkeiten!AH$7:AH$31<>0,ROW($7:$31)),ROW(AH19)))),"",INDEX(Häufigkeiten!AG:AG,SMALL(IF(Häufigkeiten!AH$7:AH$31<>0,ROW($7:$31)),ROW(AH19))))} | AH25: {=IF( ISERROR(INDEX(Häufigkeiten!AH:AH,SMALL(IF(Häufigkeiten!AH$7:AH$31<>0,ROW($7:$31)),ROW(AH19)))),"",INDEX(Häufigkeiten!AH:AH,SMALL(IF(Häufigkeiten!AH$7:AH$31<>0,ROW($7:$31)),ROW(AH19))))} | AI25: =IF(ISERROR(AH25/AH$4),"",AH25/AH$4) | AK25: {=IF( ISERROR(INDEX(Häufigkeiten!AL:AL,SMALL(IF(Häufigkeiten!AL$7:AL$51<>0,ROW($7:$51)),ROW(AL19)))),"",INDEX(Häufigkeiten!AK:AK,SMALL(IF(Häufigkeiten!AL$7:AL$51<>0,ROW($7:$51)),ROW(AL19))))} | AL25: {=IF( ISERROR(INDEX(Häufigkeiten!AL:AL,SMALL(IF(Häufigkeiten!AL$7:AL$51<>0,ROW($7:$51)),ROW(AL19)))),"",INDEX(Häufigkeiten!AL:AL,SMALL(IF(Häufigkeiten!AL$7:AL$51<>0,ROW($7:$51)),ROW(AL19))))} | AM25: =IF(ISERROR(AL25/AH$4),"",AL25/AH$4)
A26: {=IF( ISERROR(INDEX(Häufigkeiten!B:B,SMALL(IF(Häufigkeiten!B$7:B$31<>0,ROW($7:$31)),ROW(B20)))),"",INDEX(Häufigkeiten!A:A,SMALL(IF(Häufigkeiten!B$7:B$31<>0,ROW($7:$31)),ROW(B20))))} | B26: {=IF( ISERROR(INDEX(Häufigkeiten!B:B,SMALL(IF(Häufigkeiten!B$7:B$31<>0,ROW($7:$31)),ROW(B20)))),"",INDEX(Häufigkeiten!B:B,SMALL(IF(Häufigkeiten!B$7:B$31<>0,ROW($7:$31)),ROW(B20))))} | C26: =IF(ISERROR(B26/$B$4),"",B26/$B$4) | E26: {=IF( ISERROR(INDEX(Häufigkeiten!F:F,SMALL(IF(Häufigkeiten!F$7:F$51<>0,ROW($7:$51)),ROW(F20)))),"",INDEX(Häufigkeiten!E:E,SMALL(IF(Häufigkeiten!F$7:F$51<>0,ROW($7:$51)),ROW(F20))))} -> 184 | F26: {=IF( ISERROR(INDEX(Häufigkeiten!F:F,SMALL(IF(Häufigkeiten!F$7:F$51<>0,ROW($7:$51)),ROW(F20)))),"",INDEX(Häufigkeiten!F:F,SMALL(IF(Häufigkeiten!F$7:F$51<>0,ROW($7:$51)),ROW(F20))))} -> 3 | G26: =IF(ISERROR(F26/B$4),"",F26/B$4) -> 0.042857143 | Q26: {=IF( ISERROR(INDEX(Häufigkeiten!R:R,SMALL(IF(Häufigkeiten!R$7:R$31<>0,ROW($7:$31)),ROW(R20)))),"",INDEX(Häufigkeiten!Q:Q,SMALL(IF(Häufigkeiten!R$7:R$31<>0,ROW($7:$31)),ROW(R20))))} | R26: {=IF( ISERROR(INDEX(Häufigkeiten!R:R,SMALL(IF(Häufigkeiten!R$7:R$31<>0,ROW($7:$31)),ROW(R20)))),"",INDEX(Häufigkeiten!R:R,SMALL(IF(Häufigkeiten!R$7:R$31<>0,ROW($7:$31)),ROW(R20))))} | S26: =IF(ISERROR(R26/$R$4),"",R26/$R$4) | U26: {=IF( ISERROR(INDEX(Häufigkeiten!V:V,SMALL(IF(Häufigkeiten!V$7:V$51<>0,ROW($7:$51)),ROW(V20)))),"",INDEX(Häufigkeiten!U:U,SMALL(IF(Häufigkeiten!V$7:V$51<>0,ROW($7:$51)),ROW(V20))))} -> 187 | V26: {=IF( ISERROR(INDEX(Häufigkeiten!V:V,SMALL(IF(Häufigkeiten!V$7:V$51<>0,ROW($7:$51)),ROW(V20)))),"",INDEX(Häufigkeiten!V:V,SMALL(IF(Häufigkeiten!V$7:V$51<>0,ROW($7:$51)),ROW(V20))))} -> 2 | W26: =IF(ISERROR(V26/R$4),"",V26/R$4) -> 0.048780488 | AG26: {=IF( ISERROR(INDEX(Häufigkeiten!AH:AH,SMALL(IF(Häufigkeiten!AH$7:AH$31<>0,ROW($7:$31)),ROW(AH20)))),"",INDEX(Häufigkeiten!AG:AG,SMALL(IF(Häufigkeiten!AH$7:AH$31<>0,ROW($7:$31)),ROW(AH20))))} | AH26: {=IF( ISERROR(INDEX(Häufigkeiten!AH:AH,SMALL(IF(Häufigkeiten!AH$7:AH$31<>0,ROW($7:$31)),ROW(AH20)))),"",INDEX(Häufigkeiten!AH:AH,SMALL(IF(Häufigkeiten!AH$7:AH$31<>0,ROW($7:$31)),ROW(AH20))))} | AI26: =IF(ISERROR(AH26/AH$4),"",AH26/AH$4) | AK26: {=IF( ISERROR(INDEX(Häufigkeiten!AL:AL,SMALL(IF(Häufigkeiten!AL$7:AL$51<>0,ROW($7:$51)),ROW(AL20)))),"",INDEX(Häufigkeiten!AK:AK,SMALL(IF(Häufigkeiten!AL$7:AL$51<>0,ROW($7:$51)),ROW(AL20))))} | AL26: {=IF( ISERROR(INDEX(Häufigkeiten!AL:AL,SMALL(IF(Häufigkeiten!AL$7:AL$51<>0,ROW($7:$51)),ROW(AL20)))),"",INDEX(Häufigkeiten!AL:AL,SMALL(IF(Häufigkeiten!AL$7:AL$51<>0,ROW($7:$51)),ROW(AL20))))} | AM26: =IF(ISERROR(AL26/AH$4),"",AL26/AH$4)
A27: {=IF( ISERROR(INDEX(Häufigkeiten!B:B,SMALL(IF(Häufigkeiten!B$7:B$31<>0,ROW($7:$31)),ROW(B21)))),"",INDEX(Häufigkeiten!A:A,SMALL(IF(Häufigkeiten!B$7:B$31<>0,ROW($7:$31)),ROW(B21))))} | B27: {=IF( ISERROR(INDEX(Häufigkeiten!B:B,SMALL(IF(Häufigkeiten!B$7:B$31<>0,ROW($7:$31)),ROW(B21)))),"",INDEX(Häufigkeiten!B:B,SMALL(IF(Häufigkeiten!B$7:B$31<>0,ROW($7:$31)),ROW(B21))))} | C27: =IF(ISERROR(B27/$B$4),"",B27/$B$4) | E27: {=IF( ISERROR(INDEX(Häufigkeiten!F:F,SMALL(IF(Häufigkeiten!F$7:F$51<>0,ROW($7:$51)),ROW(F21)))),"",INDEX(Häufigkeiten!E:E,SMALL(IF(Häufigkeiten!F$7:F$51<>0,ROW($7:$51)),ROW(F21))))} -> 185 | F27: {=IF( ISERROR(INDEX(Häufigkeiten!F:F,SMALL(IF(Häufigkeiten!F$7:F$51<>0,ROW($7:$51)),ROW(F21)))),"",INDEX(Häufigkeiten!F:F,SMALL(IF(Häufigkeiten!F$7:F$51<>0,ROW($7:$51)),ROW(F21))))} -> 7 | G27: =IF(ISERROR(F27/B$4),"",F27/B$4) -> 0.1 | I27: =SUM(F25:F27) -> 14 | Q27: {=IF( ISERROR(INDEX(Häufigkeiten!R:R,SMALL(IF(Häufigkeiten!R$7:R$31<>0,ROW($7:$31)),ROW(R21)))),"",INDEX(Häufigkeiten!Q:Q,SMALL(IF(Häufigkeiten!R$7:R$31<>0,ROW($7:$31)),ROW(R21))))} | R27: {=IF( ISERROR(INDEX(Häufigkeiten!R:R,SMALL(IF(Häufigkeiten!R$7:R$31<>0,ROW($7:$31)),ROW(R21)))),"",INDEX(Häufigkeiten!R:R,SMALL(IF(Häufigkeiten!R$7:R$31<>0,ROW($7:$31)),ROW(R21))))} | S27: =IF(ISERROR(R27/$R$4),"",R27/$R$4) | U27: {=IF( ISERROR(INDEX(Häufigkeiten!V:V,SMALL(IF(Häufigkeiten!V$7:V$51<>0,ROW($7:$51)),ROW(V21)))),"",INDEX(Häufigkeiten!U:U,SMALL(IF(Häufigkeiten!V$7:V$51<>0,ROW($7:$51)),ROW(V21))))} -> 189 | V27: {=IF( ISERROR(INDEX(Häufigkeiten!V:V,SMALL(IF(Häufigkeiten!V$7:V$51<>0,ROW($7:$51)),ROW(V21)))),"",INDEX(Häufigkeiten!V:V,SMALL(IF(Häufigkeiten!V$7:V$51<>0,ROW($7:$51)),ROW(V21))))} -> 1 | W27: =IF(ISERROR(V27/R$4),"",V27/R$4) -> 0.024390244 | AG27: {=IF( ISERROR(INDEX(Häufigkeiten!AH:AH,SMALL(IF(Häufigkeiten!AH$7:AH$31<>0,ROW($7:$31)),ROW(AH21)))),"",INDEX(Häufigkeiten!AG:AG,SMALL(IF(Häufigkeiten!AH$7:AH$31<>0,ROW($7:$31)),ROW(AH21))))} | AH27: {=IF( ISERROR(INDEX(Häufigkeiten!AH:AH,SMALL(IF(Häufigkeiten!AH$7:AH$31<>0,ROW($7:$31)),ROW(AH21)))),"",INDEX(Häufigkeiten!AH:AH,SMALL(IF(Häufigkeiten!AH$7:AH$31<>0,ROW($7:$31)),ROW(AH21))))} | AI27: =IF(ISERROR(AH27/AH$4),"",AH27/AH$4) | AK27: {=IF( ISERROR(INDEX(Häufigkeiten!AL:AL,SMALL(IF(Häufigkeiten!AL$7:AL$51<>0,ROW($7:$51)),ROW(AL21)))),"",INDEX(Häufigkeiten!AK:AK,SMALL(IF(Häufigkeiten!AL$7:AL$51<>0,ROW($7:$51)),ROW(AL21))))} | AL27: {=IF( ISERROR(INDEX(Häufigkeiten!AL:AL,SMALL(IF(Häufigkeiten!AL$7:AL$51<>0,ROW($7:$51)),ROW(AL21)))),"",INDEX(Häufigkeiten!AL:AL,SMALL(IF(Häufigkeiten!AL$7:AL$51<>0,ROW($7:$51)),ROW(AL21))))} | AM27: =IF(ISERROR(AL27/AH$4),"",AL27/AH$4)
A28: {=IF( ISERROR(INDEX(Häufigkeiten!B:B,SMALL(IF(Häufigkeiten!B$7:B$31<>0,ROW($7:$31)),ROW(B22)))),"",INDEX(Häufigkeiten!A:A,SMALL(IF(Häufigkeiten!B$7:B$31<>0,ROW($7:$31)),ROW(B22))))} | B28: {=IF( ISERROR(INDEX(Häufigkeiten!B:B,SMALL(IF(Häufigkeiten!B$7:B$31<>0,ROW($7:$31)),ROW(B22)))),"",INDEX(Häufigkeiten!B:B,SMALL(IF(Häufigkeiten!B$7:B$31<>0,ROW($7:$31)),ROW(B22))))} | C28: =IF(ISERROR(B28/$B$4),"",B28/$B$4) | E28: {=IF( ISERROR(INDEX(Häufigkeiten!F:F,SMALL(IF(Häufigkeiten!F$7:F$51<>0,ROW($7:$51)),ROW(F22)))),"",INDEX(Häufigkeiten!E:E,SMALL(IF(Häufigkeiten!F$7:F$51<>0,ROW($7:$51)),ROW(F22))))} -> 187 | F28: {=IF( ISERROR(INDEX(Häufigkeiten!F:F,SMALL(IF(Häufigkeiten!F$7:F$51<>0,ROW($7:$51)),ROW(F22)))),"",INDEX(Häufigkeiten!F:F,SMALL(IF(Häufigkeiten!F$7:F$51<>0,ROW($7:$51)),ROW(F22))))} -> 2 | G28: =IF(ISERROR(F28/B$4),"",F28/B$4) -> 0.028571429 | Q28: {=IF( ISERROR(INDEX(Häufigkeiten!R:R,SMALL(IF(Häufigkeiten!R$7:R$31<>0,ROW($7:$31)),ROW(R22)))),"",INDEX(Häufigkeiten!Q:Q,SMALL(IF(Häufigkeiten!R$7:R$31<>0,ROW($7:$31)),ROW(R22))))} | R28: {=IF( ISERROR(INDEX(Häufigkeiten!R:R,SMALL(IF(Häufigkeiten!R$7:R$31<>0,ROW($7:$31)),ROW(R22)))),"",INDEX(Häufigkeiten!R:R,SMALL(IF(Häufigkeiten!R$7:R$31<>0,ROW($7:$31)),ROW(R22))))} | S28: =IF(ISERROR(R28/$R$4),"",R28/$R$4) | U28: {=IF( ISERROR(INDEX(Häufigkeiten!V:V,SMALL(IF(Häufigkeiten!V$7:V$51<>0,ROW($7:$51)),ROW(V22)))),"",INDEX(Häufigkeiten!U:U,SMALL(IF(Häufigkeiten!V$7:V$51<>0,ROW($7:$51)),ROW(V22))))} -> 190 | V28: {=IF( ISERROR(INDEX(Häufigkeiten!V:V,SMALL(IF(Häufigkeiten!V$7:V$51<>0,ROW($7:$51)),ROW(V22)))),"",INDEX(Häufigkeiten!V:V,SMALL(IF(Häufigkeiten!V$7:V$51<>0,ROW($7:$51)),ROW(V22))))} -> 1 | W28: =IF(ISERROR(V28/R$4),"",V28/R$4) -> 0.024390244 | AG28: {=IF( ISERROR(INDEX(Häufigkeiten!AH:AH,SMALL(IF(Häufigkeiten!AH$7:AH$31<>0,ROW($7:$31)),ROW(AH22)))),"",INDEX(Häufigkeiten!AG:AG,SMALL(IF(Häufigkeiten!AH$7:AH$31<>0,ROW($7:$31)),ROW(AH22))))} | AH28: {=IF( ISERROR(INDEX(Häufigkeiten!AH:AH,SMALL(IF(Häufigkeiten!AH$7:AH$31<>0,ROW($7:$31)),ROW(AH22)))),"",INDEX(Häufigkeiten!AH:AH,SMALL(IF(Häufigkeiten!AH$7:AH$31<>0,ROW($7:$31)),ROW(AH22))))} | AI28: =IF(ISERROR(AH28/AH$4),"",AH28/AH$4) | AK28: {=IF( ISERROR(INDEX(Häufigkeiten!AL:AL,SMALL(IF(Häufigkeiten!AL$7:AL$51<>0,ROW($7:$51)),ROW(AL22)))),"",INDEX(Häufigkeiten!AK:AK,SMALL(IF(Häufigkeiten!AL$7:AL$51<>0,ROW($7:$51)),ROW(AL22))))} | AL28: {=IF( ISERROR(INDEX(Häufigkeiten!AL:AL,SMALL(IF(Häufigkeiten!AL$7:AL$51<>0,ROW($7:$51)),ROW(AL22)))),"",INDEX(Häufigkeiten!AL:AL,SMALL(IF(Häufigkeiten!AL$7:AL$51<>0,ROW($7:$51)),ROW(AL22))))} | AM28: =IF(ISERROR(AL28/AH$4),"",AL28/AH$4)
A29: {=IF( ISERROR(INDEX(Häufigkeiten!B:B,SMALL(IF(Häufigkeiten!B$7:B$31<>0,ROW($7:$31)),ROW(B23)))),"",INDEX(Häufigkeiten!A:A,SMALL(IF(Häufigkeiten!B$7:B$31<>0,ROW($7:$31)),ROW(B23))))} | B29: {=IF( ISERROR(INDEX(Häufigkeiten!B:B,SMALL(IF(Häufigkeiten!B$7:B$31<>0,ROW($7:$31)),ROW(B23)))),"",INDEX(Häufigkeiten!B:B,SMALL(IF(Häufigkeiten!B$7:B$31<>0,ROW($7:$31)),ROW(B23))))} | C29: =IF(ISERROR(B29/$B$4),"",B29/$B$4) | E29: {=IF( ISERROR(INDEX(Häufigkeiten!F:F,SMALL(IF(Häufigkeiten!F$7:F$51<>0,ROW($7:$51)),ROW(F23)))),"",INDEX(Häufigkeiten!E:E,SMALL(IF(Häufigkeiten!F$7:F$51<>0,ROW($7:$51)),ROW(F23))))} -> 188 | F29: {=IF( ISERROR(INDEX(Häufigkeiten!F:F,SMALL(IF(Häufigkeiten!F$7:F$51<>0,ROW($7:$51)),ROW(F23)))),"",INDEX(Häufigkeiten!F:F,SMALL(IF(Häufigkeiten!F$7:F$51<>0,ROW($7:$51)),ROW(F23))))} -> 1 | G29: =IF(ISERROR(F29/B$4),"",F29/B$4) -> 0.014285714 | Q29: {=IF( ISERROR(INDEX(Häufigkeiten!R:R,SMALL(IF(Häufigkeiten!R$7:R$31<>0,ROW($7:$31)),ROW(R23)))),"",INDEX(Häufigkeiten!Q:Q,SMALL(IF(Häufigkeiten!R$7:R$31<>0,ROW($7:$31)),ROW(R23))))} | R29: {=IF( ISERROR(INDEX(Häufigkeiten!R:R,SMALL(IF(Häufigkeiten!R$7:R$31<>0,ROW($7:$31)),ROW(R23)))),"",INDEX(Häufigkeiten!R:R,SMALL(IF(Häufigkeiten!R$7:R$31<>0,ROW($7:$31)),ROW(R23))))} | S29: =IF(ISERROR(R29/$R$4),"",R29/$R$4) | U29: {=IF( ISERROR(INDEX(Häufigkeiten!V:V,SMALL(IF(Häufigkeiten!V$7:V$51<>0,ROW($7:$51)),ROW(V23)))),"",INDEX(Häufigkeiten!U:U,SMALL(IF(Häufigkeiten!V$7:V$51<>0,ROW($7:$51)),ROW(V23))))} -> 193 | V29: {=IF( ISERROR(INDEX(Häufigkeiten!V:V,SMALL(IF(Häufigkeiten!V$7:V$51<>0,ROW($7:$51)),ROW(V23)))),"",INDEX(Häufigkeiten!V:V,SMALL(IF(Häufigkeiten!V$7:V$51<>0,ROW($7:$51)),ROW(V23))))} -> 2 | W29: =IF(ISERROR(V29/R$4),"",V29/R$4) -> 0.048780488 | AG29: {=IF( ISERROR(INDEX(Häufigkeiten!AH:AH,SMALL(IF(Häufigkeiten!AH$7:AH$31<>0,ROW($7:$31)),ROW(AH23)))),"",INDEX(Häufigkeiten!AG:AG,SMALL(IF(Häufigkeiten!AH$7:AH$31<>0,ROW($7:$31)),ROW(AH23))))} | AH29: {=IF( ISERROR(INDEX(Häufigkeiten!AH:AH,SMALL(IF(Häufigkeiten!AH$7:AH$31<>0,ROW($7:$31)),ROW(AH23)))),"",INDEX(Häufigkeiten!AH:AH,SMALL(IF(Häufigkeiten!AH$7:AH$31<>0,ROW($7:$31)),ROW(AH23))))} | AI29: =IF(ISERROR(AH29/AH$4),"",AH29/AH$4) | AK29: {=IF( ISERROR(INDEX(Häufigkeiten!AL:AL,SMALL(IF(Häufigkeiten!AL$7:AL$51<>0,ROW($7:$51)),ROW(AL23)))),"",INDEX(Häufigkeiten!AK:AK,SMALL(IF(Häufigkeiten!AL$7:AL$51<>0,ROW($7:$51)),ROW(AL23))))} | AL29: {=IF( ISERROR(INDEX(Häufigkeiten!AL:AL,SMALL(IF(Häufigkeiten!AL$7:AL$51<>0,ROW($7:$51)),ROW(AL23)))),"",INDEX(Häufigkeiten!AL:AL,SMALL(IF(Häufigkeiten!AL$7:AL$51<>0,ROW($7:$51)),ROW(AL23))))} | AM29: =IF(ISERROR(AL29/AH$4),"",AL29/AH$4)
A30: {=IF( ISERROR(INDEX(Häufigkeiten!B:B,SMALL(IF(Häufigkeiten!B$7:B$31<>0,ROW($7:$31)),ROW(B24)))),"",INDEX(Häufigkeiten!A:A,SMALL(IF(Häufigkeiten!B$7:B$31<>0,ROW($7:$31)),ROW(B24))))} | B30: {=IF( ISERROR(INDEX(Häufigkeiten!B:B,SMALL(IF(Häufigkeiten!B$7:B$31<>0,ROW($7:$31)),ROW(B24)))),"",INDEX(Häufigkeiten!B:B,SMALL(IF(Häufigkeiten!B$7:B$31<>0,ROW($7:$31)),ROW(B24))))} | C30: =IF(ISERROR(B30/$B$4),"",B30/$B$4) | E30: {=IF( ISERROR(INDEX(Häufigkeiten!F:F,SMALL(IF(Häufigkeiten!F$7:F$51<>0,ROW($7:$51)),ROW(F24)))),"",INDEX(Häufigkeiten!E:E,SMALL(IF(Häufigkeiten!F$7:F$51<>0,ROW($7:$51)),ROW(F24))))} -> 189 | F30: {=IF( ISERROR(INDEX(Häufigkeiten!F:F,SMALL(IF(Häufigkeiten!F$7:F$51<>0,ROW($7:$51)),ROW(F24)))),"",INDEX(Häufigkeiten!F:F,SMALL(IF(Häufigkeiten!F$7:F$51<>0,ROW($7:$51)),ROW(F24))))} -> 1 | G30: =IF(ISERROR(F30/B$4),"",F30/B$4) -> 0.014285714 | Q30: {=IF( ISERROR(INDEX(Häufigkeiten!R:R,SMALL(IF(Häufigkeiten!R$7:R$31<>0,ROW($7:$31)),ROW(R24)))),"",INDEX(Häufigkeiten!Q:Q,SMALL(IF(Häufigkeiten!R$7:R$31<>0,ROW($7:$31)),ROW(R24))))} | R30: {=IF( ISERROR(INDEX(Häufigkeiten!R:R,SMALL(IF(Häufigkeiten!R$7:R$31<>0,ROW($7:$31)),ROW(R24)))),"",INDEX(Häufigkeiten!R:R,SMALL(IF(Häufigkeiten!R$7:R$31<>0,ROW($7:$31)),ROW(R24))))} | S30: =IF(ISERROR(R30/$R$4),"",R30/$R$4) | U30: {=IF( ISERROR(INDEX(Häufigkeiten!V:V,SMALL(IF(Häufigkeiten!V$7:V$51<>0,ROW($7:$51)),ROW(V24)))),"",INDEX(Häufigkeiten!U:U,SMALL(IF(Häufigkeiten!V$7:V$51<>0,ROW($7:$51)),ROW(V24))))} | V30: {=IF( ISERROR(INDEX(Häufigkeiten!V:V,SMALL(IF(Häufigkeiten!V$7:V$51<>0,ROW($7:$51)),ROW(V24)))),"",INDEX(Häufigkeiten!V:V,SMALL(IF(Häufigkeiten!V$7:V$51<>0,ROW($7:$51)),ROW(V24))))} | W30: =IF(ISERROR(V30/R$4),"",V30/R$4) | AG30: {=IF( ISERROR(INDEX(Häufigkeiten!AH:AH,SMALL(IF(Häufigkeiten!AH$7:AH$31<>0,ROW($7:$31)),ROW(AH24)))),"",INDEX(Häufigkeiten!AG:AG,SMALL(IF(Häufigkeiten!AH$7:AH$31<>0,ROW($7:$31)),ROW(AH24))))} | AH30: {=IF( ISERROR(INDEX(Häufigkeiten!AH:AH,SMALL(IF(Häufigkeiten!AH$7:AH$31<>0,ROW($7:$31)),ROW(AH24)))),"",INDEX(Häufigkeiten!AH:AH,SMALL(IF(Häufigkeiten!AH$7:AH$31<>0,ROW($7:$31)),ROW(AH24))))} | AI30: =IF(ISERROR(AH30/AH$4),"",AH30/AH$4) | AK30: {=IF( ISERROR(INDEX(Häufigkeiten!AL:AL,SMALL(IF(Häufigkeiten!AL$7:AL$51<>0,ROW($7:$51)),ROW(AL24)))),"",INDEX(Häufigkeiten!AK:AK,SMALL(IF(Häufigkeiten!AL$7:AL$51<>0,ROW($7:$51)),ROW(AL24))))} | AL30: {=IF( ISERROR(INDEX(Häufigkeiten!AL:AL,SMALL(IF(Häufigkeiten!AL$7:AL$51<>0,ROW($7:$51)),ROW(AL24)))),"",INDEX(Häufigkeiten!AL:AL,SMALL(IF(Häufigkeiten!AL$7:AL$51<>0,ROW($7:$51)),ROW(AL24))))} | AM30: =IF(ISERROR(AL30/AH$4),"",AL30/AH$4)
A31: {=IF( ISERROR(INDEX(Häufigkeiten!B:B,SMALL(IF(Häufigkeiten!B$7:B$31<>0,ROW($7:$31)),ROW(B25)))),"",INDEX(Häufigkeiten!A:A,SMALL(IF(Häufigkeiten!B$7:B$31<>0,ROW($7:$31)),ROW(B25))))} | B31: {=IF( ISERROR(INDEX(Häufigkeiten!B:B,SMALL(IF(Häufigkeiten!B$7:B$31<>0,ROW($7:$31)),ROW(B25)))),"",INDEX(Häufigkeiten!B:B,SMALL(IF(Häufigkeiten!B$7:B$31<>0,ROW($7:$31)),ROW(B25))))} | C31: =IF(ISERROR(B31/$B$4),"",B31/$B$4) | E31: {=IF( ISERROR(INDEX(Häufigkeiten!F:F,SMALL(IF(Häufigkeiten!F$7:F$51<>0,ROW($7:$51)),ROW(F25)))),"",INDEX(Häufigkeiten!E:E,SMALL(IF(Häufigkeiten!F$7:F$51<>0,ROW($7:$51)),ROW(F25))))} -> 190 | F31: {=IF( ISERROR(INDEX(Häufigkeiten!F:F,SMALL(IF(Häufigkeiten!F$7:F$51<>0,ROW($7:$51)),ROW(F25)))),"",INDEX(Häufigkeiten!F:F,SMALL(IF(Häufigkeiten!F$7:F$51<>0,ROW($7:$51)),ROW(F25))))} -> 1 | G31: =IF(ISERROR(F31/B$4),"",F31/B$4) -> 0.014285714 | Q31: {=IF( ISERROR(INDEX(Häufigkeiten!R:R,SMALL(IF(Häufigkeiten!R$7:R$31<>0,ROW($7:$31)),ROW(R25)))),"",INDEX(Häufigkeiten!Q:Q,SMALL(IF(Häufigkeiten!R$7:R$31<>0,ROW($7:$31)),ROW(R25))))} | R31: {=IF( ISERROR(INDEX(Häufigkeiten!R:R,SMALL(IF(Häufigkeiten!R$7:R$31<>0,ROW($7:$31)),ROW(R25)))),"",INDEX(Häufigkeiten!R:R,SMALL(IF(Häufigkeiten!R$7:R$31<>0,ROW($7:$31)),ROW(R25))))} | S31: =IF(ISERROR(R31/$R$4),"",R31/$R$4) | U31: {=IF( ISERROR(INDEX(Häufigkeiten!V:V,SMALL(IF(Häufigkeiten!V$7:V$51<>0,ROW($7:$51)),ROW(V25)))),"",INDEX(Häufigkeiten!U:U,SMALL(IF(Häufigkeiten!V$7:V$51<>0,ROW($7:$51)),ROW(V25))))} | V31: {=IF( ISERROR(INDEX(Häufigkeiten!V:V,SMALL(IF(Häufigkeiten!V$7:V$51<>0,ROW($7:$51)),ROW(V25)))),"",INDEX(Häufigkeiten!V:V,SMALL(IF(Häufigkeiten!V$7:V$51<>0,ROW($7:$51)),ROW(V25))))} | W31: =IF(ISERROR(V31/R$4),"",V31/R$4) | AG31: {=IF( ISERROR(INDEX(Häufigkeiten!AH:AH,SMALL(IF(Häufigkeiten!AH$7:AH$31<>0,ROW($7:$31)),ROW(AH25)))),"",INDEX(Häufigkeiten!AG:AG,SMALL(IF(Häufigkeiten!AH$7:AH$31<>0,ROW($7:$31)),ROW(AH25))))} | AH31: {=IF( ISERROR(INDEX(Häufigkeiten!AH:AH,SMALL(IF(Häufigkeiten!AH$7:AH$31<>0,ROW($7:$31)),ROW(AH25)))),"",INDEX(Häufigkeiten!AH:AH,SMALL(IF(Häufigkeiten!AH$7:AH$31<>0,ROW($7:$31)),ROW(AH25))))} | AI31: =IF(ISERROR(AH31/AH$4),"",AH31/AH$4) | AK31: {=IF( ISERROR(INDEX(Häufigkeiten!AL:AL,SMALL(IF(Häufigkeiten!AL$7:AL$51<>0,ROW($7:$51)),ROW(AL25)))),"",INDEX(Häufigkeiten!AK:AK,SMALL(IF(Häufigkeiten!AL$7:AL$51<>0,ROW($7:$51)),ROW(AL25))))} | AL31: {=IF( ISERROR(INDEX(Häufigkeiten!AL:AL,SMALL(IF(Häufigkeiten!AL$7:AL$51<>0,ROW($7:$51)),ROW(AL25)))),"",INDEX(Häufigkeiten!AL:AL,SMALL(IF(Häufigkeiten!AL$7:AL$51<>0,ROW($7:$51)),ROW(AL25))))} | AM31: =IF(ISERROR(AL31/AH$4),"",AL31/AH$4)
A32: =INDEX(A$1:A$31,ROUNDDOWN(QUOTIENT(2*ROW()+1,4),0)-9,1) -> 19 | B32: 0 | C32: 0 | E32: {=IF( ISERROR(INDEX(Häufigkeiten!F:F,SMALL(IF(Häufigkeiten!F$7:F$51<>0,ROW($7:$51)),ROW(F26)))),"",INDEX(Häufigkeiten!E:E,SMALL(IF(Häufigkeiten!F$7:F$51<>0,ROW($7:$51)),ROW(F26))))} -> 193 | F32: {=IF( ISERROR(INDEX(Häufigkeiten!F:F,SMALL(IF(Häufigkeiten!F$7:F$51<>0,ROW($7:$51)),ROW(F26)))),"",INDEX(Häufigkeiten!F:F,SMALL(IF(Häufigkeiten!F$7:F$51<>0,ROW($7:$51)),ROW(F26))))} -> 2 | G32: =IF(ISERROR(F32/B$4),"",F32/B$4) -> 0.028571429 | Q32: =INDEX(Q$1:Q$31,ROUNDDOWN(QUOTIENT(2*ROW()+1,4),0)-9,1) -> 19 | R32: 0 | S32: 0 | U32: {=IF( ISERROR(INDEX(Häufigkeiten!V:V,SMALL(IF(Häufigkeiten!V$7:V$51<>0,ROW($7:$51)),ROW(V26)))),"",INDEX(Häufigkeiten!U:U,SMALL(IF(Häufigkeiten!V$7:V$51<>0,ROW($7:$51)),ROW(V26))))} | V32: {=IF( ISERROR(INDEX(Häufigkeiten!V:V,SMALL(IF(Häufigkeiten!V$7:V$51<>0,ROW($7:$51)),ROW(V26)))),"",INDEX(Häufigkeiten!V:V,SMALL(IF(Häufigkeiten!V$7:V$51<>0,ROW($7:$51)),ROW(V26))))} | W32: =IF(ISERROR(V32/R$4),"",V32/R$4) | AG32: =INDEX(AG$1:AG$31,ROUNDDOWN(QUOTIENT(2*ROW()+1,4),0)-9,1) -> 19 | AH32: 0 | AI32: 0 | AK32: {=IF( ISERROR(INDEX(Häufigkeiten!AL:AL,SMALL(IF(Häufigkeiten!AL$7:AL$51<>0,ROW($7:$51)),ROW(AL26)))),"",INDEX(Häufigkeiten!AK:AK,SMALL(IF(Häufigkeiten!AL$7:AL$51<>0,ROW($7:$51)),ROW(AL26))))} | AL32: {=IF( ISERROR(INDEX(Häufigkeiten!AL:AL,SMALL(IF(Häufigkeiten!AL$7:AL$51<>0,ROW($7:$51)),ROW(AL26)))),"",INDEX(Häufigkeiten!AL:AL,SMALL(IF(Häufigkeiten!AL$7:AL$51<>0,ROW($7:$51)),ROW(AL26))))} | AM32: =IF(ISERROR(AL32/AH$4),"",AL32/AH$4)
A33: =INDEX(A$1:A$31,ROUNDDOWN(QUOTIENT(2*ROW()+1,4),0)-9,1) -> 19 | B33: =INDEX(C$1:C$31,ROUNDDOWN(QUOTIENT(2*(ROW()-1)+1,4),0)-9,1) -> 0.042857143 | C33: =B33+C32 -> 0.042857143 | E33: {=IF( ISERROR(INDEX(Häufigkeiten!F:F,SMALL(IF(Häufigkeiten!F$7:F$51<>0,ROW($7:$51)),ROW(F27)))),"",INDEX(Häufigkeiten!E:E,SMALL(IF(Häufigkeiten!F$7:F$51<>0,ROW($7:$51)),ROW(F27))))} -> 195 | F33: {=IF( ISERROR(INDEX(Häufigkeiten!F:F,SMALL(IF(Häufigkeiten!F$7:F$51<>0,ROW($7:$51)),ROW(F27)))),"",INDEX(Häufigkeiten!F:F,SMALL(IF(Häufigkeiten!F$7:F$51<>0,ROW($7:$51)),ROW(F27))))} -> 1 | G33: =IF(ISERROR(F33/B$4),"",F33/B$4) -> 0.014285714 | I33: =SUM(F28:F33) -> 8 | Q33: =INDEX(Q$1:Q$31,ROUNDDOWN(QUOTIENT(2*ROW()+1,4),0)-9,1) -> 19 | R33: =INDEX(S$1:S$31,ROUNDDOWN(QUOTIENT(2*(ROW()-1)+1,4),0)-9,1) -> 0.048780488 | S33: =R33+S32 -> 0.048780488 | U33: {=IF( ISERROR(INDEX(Häufigkeiten!V:V,SMALL(IF(Häufigkeiten!V$7:V$51<>0,ROW($7:$51)),ROW(V27)))),"",INDEX(Häufigkeiten!U:U,SMALL(IF(Häufigkeiten!V$7:V$51<>0,ROW($7:$51)),ROW(V27))))} | V33: {=IF( ISERROR(INDEX(Häufigkeiten!V:V,SMALL(IF(Häufigkeiten!V$7:V$51<>0,ROW($7:$51)),ROW(V27)))),"",INDEX(Häufigkeiten!V:V,SMALL(IF(Häufigkeiten!V$7:V$51<>0,ROW($7:$51)),ROW(V27))))} | W33: =IF(ISERROR(V33/R$4),"",V33/R$4) | AG33: =INDEX(AG$1:AG$31,ROUNDDOWN(QUOTIENT(2*ROW()+1,4),0)-9,1) -> 19 | AH33: =INDEX(AI$1:AI$31,ROUNDDOWN(QUOTIENT(2*(ROW()-1)+1,4),0)-9,1) -> 0.034482759 | AI33: =AH33+AI32 -> 0.034482759 | AK33: {=IF( ISERROR(INDEX(Häufigkeiten!AL:AL,SMALL(IF(Häufigkeiten!AL$7:AL$51<>0,ROW($7:$51)),ROW(AL27)))),"",INDEX(Häufigkeiten!AK:AK,SMALL(IF(Häufigkeiten!AL$7:AL$51<>0,ROW($7:$51)),ROW(AL27))))} | AL33: {=IF( ISERROR(INDEX(Häufigkeiten!AL:AL,SMALL(IF(Häufigkeiten!AL$7:AL$51<>0,ROW($7:$51)),ROW(AL27)))),"",INDEX(Häufigkeiten!AL:AL,SMALL(IF(Häufigkeiten!AL$7:AL$51<>0,ROW($7:$51)),ROW(AL27))))} | AM33: =IF(ISERROR(AL33/AH$4),"",AL33/AH$4)
A34: =INDEX(A$1:A$31,ROUNDDOWN(QUOTIENT(2*ROW()+1,4),0)-9,1) -> 20 | B34: =INDEX(C$1:C$31,ROUNDDOWN(QUOTIENT(2*(ROW()-1)+1,4),0)-9,1) -> 0.042857143 | C34: =B34+C32 -> 0.042857143 | E34: {=IF( ISERROR(INDEX(Häufigkeiten!F:F,SMALL(IF(Häufigkeiten!F$7:F$51<>0,ROW($7:$51)),ROW(F28)))),"",INDEX(Häufigkeiten!E:E,SMALL(IF(Häufigkeiten!F$7:F$51<>0,ROW($7:$51)),ROW(F28))))} | F34: {=IF( ISERROR(INDEX(Häufigkeiten!F:F,SMALL(IF(Häufigkeiten!F$7:F$51<>0,ROW($7:$51)),ROW(F28)))),"",INDEX(Häufigkeiten!F:F,SMALL(IF(Häufigkeiten!F$7:F$51<>0,ROW($7:$51)),ROW(F28))))} | G34: =IF(ISERROR(F34/B$4),"",F34/B$4) | Q34: =INDEX(Q$1:Q$31,ROUNDDOWN(QUOTIENT(2*ROW()+1,4),0)-9,1) -> 20 | R34: =INDEX(S$1:S$31,ROUNDDOWN(QUOTIENT(2*(ROW()-1)+1,4),0)-9,1) -> 0.048780488 | S34: =R34+S32 -> 0.048780488 | U34: {=IF( ISERROR(INDEX(Häufigkeiten!V:V,SMALL(IF(Häufigkeiten!V$7:V$51<>0,ROW($7:$51)),ROW(V28)))),"",INDEX(Häufigkeiten!U:U,SMALL(IF(Häufigkeiten!V$7:V$51<>0,ROW($7:$51)),ROW(V28))))} | V34: {=IF( ISERROR(INDEX(Häufigkeiten!V:V,SMALL(IF(Häufigkeiten!V$7:V$51<>0,ROW($7:$51)),ROW(V28)))),"",INDEX(Häufigkeiten!V:V,SMALL(IF(Häufigkeiten!V$7:V$51<>0,ROW($7:$51)),ROW(V28))))} | W34: =IF(ISERROR(V34/R$4),"",V34/R$4) | AG34: =INDEX(AG$1:AG$31,ROUNDDOWN(QUOTIENT(2*ROW()+1,4),0)-9,1) -> 20 | AH34: =INDEX(AI$1:AI$31,ROUNDDOWN(QUOTIENT(2*(ROW()-1)+1,4),0)-9,1) -> 0.034482759 | AI34: =AH34+AI32 -> 0.034482759 | AK34: {=IF( ISERROR(INDEX(Häufigkeiten!AL:AL,SMALL(IF(Häufigkeiten!AL$7:AL$51<>0,ROW($7:$51)),ROW(AL28)))),"",INDEX(Häufigkeiten!AK:AK,SMALL(IF(Häufigkeiten!AL$7:AL$51<>0,ROW($7:$51)),ROW(AL28))))} | AL34: {=IF( ISERROR(INDEX(Häufigkeiten!AL:AL,SMALL(IF(Häufigkeiten!AL$7:AL$51<>0,ROW($7:$51)),ROW(AL28)))),"",INDEX(Häufigkeiten!AL:AL,SMALL(IF(Häufigkeiten!AL$7:AL$51<>0,ROW($7:$51)),ROW(AL28))))} | AM34: =IF(ISERROR(AL34/AH$4),"",AL34/AH$4)
A35: =INDEX(A$1:A$31,ROUNDDOWN(QUOTIENT(2*ROW()+1,4),0)-9,1) -> 20 | B35: =INDEX(C$1:C$31,ROUNDDOWN(QUOTIENT(2*(ROW()-1)+1,4),0)-9,1) -> 0.14285714 | C35: =B35+C34 -> 0.18571429 | E35: {=IF( ISERROR(INDEX(Häufigkeiten!F:F,SMALL(IF(Häufigkeiten!F$7:F$51<>0,ROW($7:$51)),ROW(F29)))),"",INDEX(Häufigkeiten!E:E,SMALL(IF(Häufigkeiten!F$7:F$51<>0,ROW($7:$51)),ROW(F29))))} | F35: {=IF( ISERROR(INDEX(Häufigkeiten!F:F,SMALL(IF(Häufigkeiten!F$7:F$51<>0,ROW($7:$51)),ROW(F29)))),"",INDEX(Häufigkeiten!F:F,SMALL(IF(Häufigkeiten!F$7:F$51<>0,ROW($7:$51)),ROW(F29))))} | G35: =IF(ISERROR(F35/B$4),"",F35/B$4) | Q35: =INDEX(Q$1:Q$31,ROUNDDOWN(QUOTIENT(2*ROW()+1,4),0)-9,1) -> 20 | R35: =INDEX(S$1:S$31,ROUNDDOWN(QUOTIENT(2*(ROW()-1)+1,4),0)-9,1) -> 0.14634146 | S35: =R35+S34 -> 0.19512195 | U35: {=IF( ISERROR(INDEX(Häufigkeiten!V:V,SMALL(IF(Häufigkeiten!V$7:V$51<>0,ROW($7:$51)),ROW(V29)))),"",INDEX(Häufigkeiten!U:U,SMALL(IF(Häufigkeiten!V$7:V$51<>0,ROW($7:$51)),ROW(V29))))} | V35: {=IF( ISERROR(INDEX(Häufigkeiten!V:V,SMALL(IF(Häufigkeiten!V$7:V$51<>0,ROW($7:$51)),ROW(V29)))),"",INDEX(Häufigkeiten!V:V,SMALL(IF(Häufigkeiten!V$7:V$51<>0,ROW($7:$51)),ROW(V29))))} | W35: =IF(ISERROR(V35/R$4),"",V35/R$4) | AG35: =INDEX(AG$1:AG$31,ROUNDDOWN(QUOTIENT(2*ROW()+1,4),0)-9,1) -> 20 | AH35: =INDEX(AI$1:AI$31,ROUNDDOWN(QUOTIENT(2*(ROW()-1)+1,4),0)-9,1) -> 0.13793103 | AI35: =AH35+AI34 -> 0.17241379 | AK35: {=IF( ISERROR(INDEX(Häufigkeiten!AL:AL,SMALL(IF(Häufigkeiten!AL$7:AL$51<>0,ROW($7:$51)),ROW(AL29)))),"",INDEX(Häufigkeiten!AK:AK,SMALL(IF(Häufigkeiten!AL$7:AL$51<>0,ROW($7:$51)),ROW(AL29))))} | AL35: {=IF( ISERROR(INDEX(Häufigkeiten!AL:AL,SMALL(IF(Häufigkeiten!AL$7:AL$51<>0,ROW($7:$51)),ROW(AL29)))),"",INDEX(Häufigkeiten!AL:AL,SMALL(IF(Häufigkeiten!AL$7:AL$51<>0,ROW($7:$51)),ROW(AL29))))} | AM35: =IF(ISERROR(AL35/AH$4),"",AL35/AH$4)
A36: =INDEX(A$1:A$31,ROUNDDOWN(QUOTIENT(2*ROW()+1,4),0)-9,1) -> 21 | B36: =INDEX(C$1:C$31,ROUNDDOWN(QUOTIENT(2*(ROW()-1)+1,4),0)-9,1) -> 0.14285714 | C36: =B36+C34 -> 0.18571429 | E36: {=IF( ISERROR(INDEX(Häufigkeiten!F:F,SMALL(IF(Häufigkeiten!F$7:F$51<>0,ROW($7:$51)),ROW(F30)))),"",INDEX(Häufigkeiten!E:E,SMALL(IF(Häufigkeiten!F$7:F$51<>0,ROW($7:$51)),ROW(F30))))} | F36: {=IF( ISERROR(INDEX(Häufigkeiten!F:F,SMALL(IF(Häufigkeiten!F$7:F$51<>0,ROW($7:$51)),ROW(F30)))),"",INDEX(Häufigkeiten!F:F,SMALL(IF(Häufigkeiten!F$7:F$51<>0,ROW($7:$51)),ROW(F30))))} | G36: =IF(ISERROR(F36/B$4),"",F36/B$4) | Q36: =INDEX(Q$1:Q$31,ROUNDDOWN(QUOTIENT(2*ROW()+1,4),0)-9,1) -> 21 | R36: =INDEX(S$1:S$31,ROUNDDOWN(QUOTIENT(2*(ROW()-1)+1,4),0)-9,1) -> 0.14634146 | S36: =R36+S34 -> 0.19512195 | U36: {=IF( ISERROR(INDEX(Häufigkeiten!V:V,SMALL(IF(Häufigkeiten!V$7:V$51<>0,ROW($7:$51)),ROW(V30)))),"",INDEX(Häufigkeiten!U:U,SMALL(IF(Häufigkeiten!V$7:V$51<>0,ROW($7:$51)),ROW(V30))))} | V36: {=IF( ISERROR(INDEX(Häufigkeiten!V:V,SMALL(IF(Häufigkeiten!V$7:V$51<>0,ROW($7:$51)),ROW(V30)))),"",INDEX(Häufigkeiten!V:V,SMALL(IF(Häufigkeiten!V$7:V$51<>0,ROW($7:$51)),ROW(V30))))} | W36: =IF(ISERROR(V36/R$4),"",V36/R$4) | AG36: =INDEX(AG$1:AG$31,ROUNDDOWN(QUOTIENT(2*ROW()+1,4),0)-9,1) -> 21 | AH36: =INDEX(AI$1:AI$31,ROUNDDOWN(QUOTIENT(2*(ROW()-1)+1,4),0)-9,1) -> 0.13793103 | AI36: =AH36+AI34 -> 0.17241379 | AK36: {=IF( ISERROR(INDEX(Häufigkeiten!AL:AL,SMALL(IF(Häufigkeiten!AL$7:AL$51<>0,ROW($7:$51)),ROW(AL30)))),"",INDEX(Häufigkeiten!AK:AK,SMALL(IF(Häufigkeiten!AL$7:AL$51<>0,ROW($7:$51)),ROW(AL30))))} | AL36: {=IF( ISERROR(INDEX(Häufigkeiten!AL:AL,SMALL(IF(Häufigkeiten!AL$7:AL$51<>0,ROW($7:$51)),ROW(AL30)))),"",INDEX(Häufigkeiten!AL:AL,SMALL(IF(Häufigkeiten!AL$7:AL$51<>0,ROW($7:$51)),ROW(AL30))))} | AM36: =IF(ISERROR(AL36/AH$4),"",AL36/AH$4)
A37: =INDEX(A$1:A$31,ROUNDDOWN(QUOTIENT(2*ROW()+1,4),0)-9,1) -> 21 | B37: =INDEX(C$1:C$31,ROUNDDOWN(QUOTIENT(2*(ROW()-1)+1,4),0)-9,1) -> 0.15714286 | C37: =B37+C36 -> 0.34285714 | E37: {=IF( ISERROR(INDEX(Häufigkeiten!F:F,SMALL(IF(Häufigkeiten!F$7:F$51<>0,ROW($7:$51)),ROW(F31)))),"",INDEX(Häufigkeiten!E:E,SMALL(IF(Häufigkeiten!F$7:F$51<>0,ROW($7:$51)),ROW(F31))))} | F37: {=IF( ISERROR(INDEX(Häufigkeiten!F:F,SMALL(IF(Häufigkeiten!F$7:F$51<>0,ROW($7:$51)),ROW(F31)))),"",INDEX(Häufigkeiten!F:F,SMALL(IF(Häufigkeiten!F$7:F$51<>0,ROW($7:$51)),ROW(F31))))} | G37: =IF(ISERROR(F37/B$4),"",F37/B$4) | Q37: =INDEX(Q$1:Q$31,ROUNDDOWN(QUOTIENT(2*ROW()+1,4),0)-9,1) -> 21 | R37: =INDEX(S$1:S$31,ROUNDDOWN(QUOTIENT(2*(ROW()-1)+1,4),0)-9,1) -> 0.2195122 | S37: =R37+S36 -> 0.41463415 | U37: {=IF( ISERROR(INDEX(Häufigkeiten!V:V,SMALL(IF(Häufigkeiten!V$7:V$51<>0,ROW($7:$51)),ROW(V31)))),"",INDEX(Häufigkeiten!U:U,SMALL(IF(Häufigkeiten!V$7:V$51<>0,ROW($7:$51)),ROW(V31))))} | V37: {=IF( ISERROR(INDEX(Häufigkeiten!V:V,SMALL(IF(Häufigkeiten!V$7:V$51<>0,ROW($7:$51)),ROW(V31)))),"",INDEX(Häufigkeiten!V:V,SMALL(IF(Häufigkeiten!V$7:V$51<>0,ROW($7:$51)),ROW(V31))))} | W37: =IF(ISERROR(V37/R$4),"",V37/R$4) | AG37: =INDEX(AG$1:AG$31,ROUNDDOWN(QUOTIENT(2*ROW()+1,4),0)-9,1) -> 21 | AH37: =INDEX(AI$1:AI$31,ROUNDDOWN(QUOTIENT(2*(ROW()-1)+1,4),0)-9,1) -> 0.068965517 | AI37: =AH37+AI36 -> 0.24137931 | AK37: {=IF( ISERROR(INDEX(Häufigkeiten!AL:AL,SMALL(IF(Häufigkeiten!AL$7:AL$51<>0,ROW($7:$51)),ROW(AL31)))),"",INDEX(Häufigkeiten!AK:AK,SMALL(IF(Häufigkeiten!AL$7:AL$51<>0,ROW($7:$51)),ROW(AL31))))} | AL37: {=IF( ISERROR(INDEX(Häufigkeiten!AL:AL,SMALL(IF(Häufigkeiten!AL$7:AL$51<>0,ROW($7:$51)),ROW(AL31)))),"",INDEX(Häufigkeiten!AL:AL,SMALL(IF(Häufigkeiten!AL$7:AL$51<>0,ROW($7:$51)),ROW(AL31))))} | AM37: =IF(ISERROR(AL37/AH$4),"",AL37/AH$4)
A38: =INDEX(A$1:A$31,ROUNDDOWN(QUOTIENT(2*ROW()+1,4),0)-9,1) -> 22 | B38: =INDEX(C$1:C$31,ROUNDDOWN(QUOTIENT(2*(ROW()-1)+1,4),0)-9,1) -> 0.15714286 | C38: =B38+C36 -> 0.34285714 | E38: {=IF( ISERROR(INDEX(Häufigkeiten!F:F,SMALL(IF(Häufigkeiten!F$7:F$51<>0,ROW($7:$51)),ROW(F32)))),"",INDEX(Häufigkeiten!E:E,SMALL(IF(Häufigkeiten!F$7:F$51<>0,ROW($7:$51)),ROW(F32))))} | F38: {=IF( ISERROR(INDEX(Häufigkeiten!F:F,SMALL(IF(Häufigkeiten!F$7:F$51<>0,ROW($7:$51)),ROW(F32)))),"",INDEX(Häufigkeiten!F:F,SMALL(IF(Häufigkeiten!F$7:F$51<>0,ROW($7:$51)),ROW(F32))))} | G38: =IF(ISERROR(F38/B$4),"",F38/B$4) | Q38: =INDEX(Q$1:Q$31,ROUNDDOWN(QUOTIENT(2*ROW()+1,4),0)-9,1) -> 22 | R38: =INDEX(S$1:S$31,ROUNDDOWN(QUOTIENT(2*(ROW()-1)+1,4),0)-9,1) -> 0.2195122 | S38: =R38+S36 -> 0.41463415 | U38: {=IF( ISERROR(INDEX(Häufigkeiten!V:V,SMALL(IF(Häufigkeiten!V$7:V$51<>0,ROW($7:$51)),ROW(V32)))),"",INDEX(Häufigkeiten!U:U,SMALL(IF(Häufigkeiten!V$7:V$51<>0,ROW($7:$51)),ROW(V32))))} | V38: {=IF( ISERROR(INDEX(Häufigkeiten!V:V,SMALL(IF(Häufigkeiten!V$7:V$51<>0,ROW($7:$51)),ROW(V32)))),"",INDEX(Häufigkeiten!V:V,SMALL(IF(Häufigkeiten!V$7:V$51<>0,ROW($7:$51)),ROW(V32))))} | W38: =IF(ISERROR(V38/R$4),"",V38/R$4) | AG38: =INDEX(AG$1:AG$31,ROUNDDOWN(QUOTIENT(2*ROW()+1,4),0)-9,1) -> 22 | AH38: =INDEX(AI$1:AI$31,ROUNDDOWN(QUOTIENT(2*(ROW()-1)+1,4),0)-9,1) -> 0.068965517 | AI38: =AH38+AI36 -> 0.24137931 | AK38: {=IF( ISERROR(INDEX(Häufigkeiten!AL:AL,SMALL(IF(Häufigkeiten!AL$7:AL$51<>0,ROW($7:$51)),ROW(AL32)))),"",INDEX(Häufigkeiten!AK:AK,SMALL(IF(Häufigkeiten!AL$7:AL$51<>0,ROW($7:$51)),ROW(AL32))))} | AL38: {=IF( ISERROR(INDEX(Häufigkeiten!AL:AL,SMALL(IF(Häufigkeiten!AL$7:AL$51<>0,ROW($7:$51)),ROW(AL32)))),"",INDEX(Häufigkeiten!AL:AL,SMALL(IF(Häufigkeiten!AL$7:AL$51<>0,ROW($7:$51)),ROW(AL32))))} | AM38: =IF(ISERROR(AL38/AH$4),"",AL38/AH$4)
A39: =INDEX(A$1:A$31,ROUNDDOWN(QUOTIENT(2*ROW()+1,4),0)-9,1) -> 22 | B39: =INDEX(C$1:C$31,ROUNDDOWN(QUOTIENT(2*(ROW()-1)+1,4),0)-9,1) -> 0.2 | C39: =B39+C38 -> 0.54285714 | E39: {=IF( ISERROR(INDEX(Häufigkeiten!F:F,SMALL(IF(Häufigkeiten!F$7:F$51<>0,ROW($7:$51)),ROW(F33)))),"",INDEX(Häufigkeiten!E:E,SMALL(IF(Häufigkeiten!F$7:F$51<>0,ROW($7:$51)),ROW(F33))))} | F39: {=IF( ISERROR(INDEX(Häufigkeiten!F:F,SMALL(IF(Häufigkeiten!F$7:F$51<>0,ROW($7:$51)),ROW(F33)))),"",INDEX(Häufigkeiten!F:F,SMALL(IF(Häufigkeiten!F$7:F$51<>0,ROW($7:$51)),ROW(F33))))} | G39: =IF(ISERROR(F39/B$4),"",F39/B$4) | Q39: =INDEX(Q$1:Q$31,ROUNDDOWN(QUOTIENT(2*ROW()+1,4),0)-9,1) -> 22 | R39: =INDEX(S$1:S$31,ROUNDDOWN(QUOTIENT(2*(ROW()-1)+1,4),0)-9,1) -> 0.19512195 | S39: =R39+S38 -> 0.6097561 | U39: {=IF( ISERROR(INDEX(Häufigkeiten!V:V,SMALL(IF(Häufigkeiten!V$7:V$51<>0,ROW($7:$51)),ROW(V33)))),"",INDEX(Häufigkeiten!U:U,SMALL(IF(Häufigkeiten!V$7:V$51<>0,ROW($7:$51)),ROW(V33))))} | V39: {=IF( ISERROR(INDEX(Häufigkeiten!V:V,SMALL(IF(Häufigkeiten!V$7:V$51<>0,ROW($7:$51)),ROW(V33)))),"",INDEX(Häufigkeiten!V:V,SMALL(IF(Häufigkeiten!V$7:V$51<>0,ROW($7:$51)),ROW(V33))))} | W39: =IF(ISERROR(V39/R$4),"",V39/R$4) | AG39: =INDEX(AG$1:AG$31,ROUNDDOWN(QUOTIENT(2*ROW()+1,4),0)-9,1) -> 22 | AH39: =INDEX(AI$1:AI$31,ROUNDDOWN(QUOTIENT(2*(ROW()-1)+1,4),0)-9,1) -> 0.20689655 | AI39: =AH39+AI38 -> 0.44827586 | AK39: {=IF( ISERROR(INDEX(Häufigkeiten!AL:AL,SMALL(IF(Häufigkeiten!AL$7:AL$51<>0,ROW($7:$51)),ROW(AL33)))),"",INDEX(Häufigkeiten!AK:AK,SMALL(IF(Häufigkeiten!AL$7:AL$51<>0,ROW($7:$51)),ROW(AL33))))} | AL39: {=IF( ISERROR(INDEX(Häufigkeiten!AL:AL,SMALL(IF(Häufigkeiten!AL$7:AL$51<>0,ROW($7:$51)),ROW(AL33)))),"",INDEX(Häufigkeiten!AL:AL,SMALL(IF(Häufigkeiten!AL$7:AL$51<>0,ROW($7:$51)),ROW(AL33))))} | AM39: =IF(ISERROR(AL39/AH$4),"",AL39/AH$4)
A40: =INDEX(A$1:A$31,ROUNDDOWN(QUOTIENT(2*ROW()+1,4),0)-9,1) -> 23 | B40: =INDEX(C$1:C$31,ROUNDDOWN(QUOTIENT(2*(ROW()-1)+1,4),0)-9,1) -> 0.2 | C40: =B40+C38 -> 0.54285714 | E40: {=IF( ISERROR(INDEX(Häufigkeiten!F:F,SMALL(IF(Häufigkeiten!F$7:F$51<>0,ROW($7:$51)),ROW(F34)))),"",INDEX(Häufigkeiten!E:E,SMALL(IF(Häufigkeiten!F$7:F$51<>0,ROW($7:$51)),ROW(F34))))} | F40: {=IF( ISERROR(INDEX(Häufigkeiten!F:F,SMALL(IF(Häufigkeiten!F$7:F$51<>0,ROW($7:$51)),ROW(F34)))),"",INDEX(Häufigkeiten!F:F,SMALL(IF(Häufigkeiten!F$7:F$51<>0,ROW($7:$51)),ROW(F34))))} | G40: =IF(ISERROR(F40/B$4),"",F40/B$4) | Q40: =INDEX(Q$1:Q$31,ROUNDDOWN(QUOTIENT(2*ROW()+1,4),0)-9,1) -> 23 | R40: =INDEX(S$1:S$31,ROUNDDOWN(QUOTIENT(2*(ROW()-1)+1,4),0)-9,1) -> 0.19512195 | S40: =R40+S38 -> 0.6097561 | U40: {=IF( ISERROR(INDEX(Häufigkeiten!V:V,SMALL(IF(Häufigkeiten!V$7:V$51<>0,ROW($7:$51)),ROW(V34)))),"",INDEX(Häufigkeiten!U:U,SMALL(IF(Häufigkeiten!V$7:V$51<>0,ROW($7:$51)),ROW(V34))))} | V40: {=IF( ISERROR(INDEX(Häufigkeiten!V:V,SMALL(IF(Häufigkeiten!V$7:V$51<>0,ROW($7:$51)),ROW(V34)))),"",INDEX(Häufigkeiten!V:V,SMALL(IF(Häufigkeiten!V$7:V$51<>0,ROW($7:$51)),ROW(V34))))} | W40: =IF(ISERROR(V40/R$4),"",V40/R$4) | AG40: =INDEX(AG$1:AG$31,ROUNDDOWN(QUOTIENT(2*ROW()+1,4),0)-9,1) -> 23 | AH40: =INDEX(AI$1:AI$31,ROUNDDOWN(QUOTIENT(2*(ROW()-1)+1,4),0)-9,1) -> 0.20689655 | AI40: =AH40+AI38 -> 0.44827586 | AK40: {=IF( ISERROR(INDEX(Häufigkeiten!AL:AL,SMALL(IF(Häufigkeiten!AL$7:AL$51<>0,ROW($7:$51)),ROW(AL34)))),"",INDEX(Häufigkeiten!AK:AK,SMALL(IF(Häufigkeiten!AL$7:AL$51<>0,ROW($7:$51)),ROW(AL34))))} | AL40: {=IF( ISERROR(INDEX(Häufigkeiten!AL:AL,SMALL(IF(Häufigkeiten!AL$7:AL$51<>0,ROW($7:$51)),ROW(AL34)))),"",INDEX(Häufigkeiten!AL:AL,SMALL(IF(Häufigkeiten!AL$7:AL$51<>0,ROW($7:$51)),ROW(AL34))))} | AM40: =IF(ISERROR(AL40/AH$4),"",AL40/AH$4)
A41: =INDEX(A$1:A$31,ROUNDDOWN(QUOTIENT(2*ROW()+1,4),0)-9,1) -> 23 | B41: =INDEX(C$1:C$31,ROUNDDOWN(QUOTIENT(2*(ROW()-1)+1,4),0)-9,1) -> 0.12857143 | C41: =B41+C40 -> 0.67142857 | E41: {=IF( ISERROR(INDEX(Häufigkeiten!F:F,SMALL(IF(Häufigkeiten!F$7:F$51<>0,ROW($7:$51)),ROW(F35)))),"",INDEX(Häufigkeiten!E:E,SMALL(IF(Häufigkeiten!F$7:F$51<>0,ROW($7:$51)),ROW(F35))))} | F41: {=IF( ISERROR(INDEX(Häufigkeiten!F:F,SMALL(IF(Häufigkeiten!F$7:F$51<>0,ROW($7:$51)),ROW(F35)))),"",INDEX(Häufigkeiten!F:F,SMALL(IF(Häufigkeiten!F$7:F$51<>0,ROW($7:$51)),ROW(F35))))} | G41: =IF(ISERROR(F41/B$4),"",F41/B$4) | Q41: =INDEX(Q$1:Q$31,ROUNDDOWN(QUOTIENT(2*ROW()+1,4),0)-9,1) -> 23 | R41: =INDEX(S$1:S$31,ROUNDDOWN(QUOTIENT(2*(ROW()-1)+1,4),0)-9,1) -> 0.073170732 | S41: =R41+S40 -> 0.68292683 | U41: {=IF( ISERROR(INDEX(Häufigkeiten!V:V,SMALL(IF(Häufigkeiten!V$7:V$51<>0,ROW($7:$51)),ROW(V35)))),"",INDEX(Häufigkeiten!U:U,SMALL(IF(Häufigkeiten!V$7:V$51<>0,ROW($7:$51)),ROW(V35))))} | V41: {=IF( ISERROR(INDEX(Häufigkeiten!V:V,SMALL(IF(Häufigkeiten!V$7:V$51<>0,ROW($7:$51)),ROW(V35)))),"",INDEX(Häufigkeiten!V:V,SMALL(IF(Häufigkeiten!V$7:V$51<>0,ROW($7:$51)),ROW(V35))))} | W41: =IF(ISERROR(V41/R$4),"",V41/R$4) | AG41: =INDEX(AG$1:AG$31,ROUNDDOWN(QUOTIENT(2*ROW()+1,4),0)-9,1) -> 23 | AH41: =INDEX(AI$1:AI$31,ROUNDDOWN(QUOTIENT(2*(ROW()-1)+1,4),0)-9,1) -> 0.20689655 | AI41: =AH41+AI40 -> 0.65517241 | AK41: {=IF( ISERROR(INDEX(Häufigkeiten!AL:AL,SMALL(IF(Häufigkeiten!AL$7:AL$51<>0,ROW($7:$51)),ROW(AL35)))),"",INDEX(Häufigkeiten!AK:AK,SMALL(IF(Häufigkeiten!AL$7:AL$51<>0,ROW($7:$51)),ROW(AL35))))} | AL41: {=IF( ISERROR(INDEX(Häufigkeiten!AL:AL,SMALL(IF(Häufigkeiten!AL$7:AL$51<>0,ROW($7:$51)),ROW(AL35)))),"",INDEX(Häufigkeiten!AL:AL,SMALL(IF(Häufigkeiten!AL$7:AL$51<>0,ROW($7:$51)),ROW(AL35))))} | AM41: =IF(ISERROR(AL41/AH$4),"",AL41/AH$4)
A42: =INDEX(A$1:A$31,ROUNDDOWN(QUOTIENT(2*ROW()+1,4),0)-9,1) -> 24 | B42: =INDEX(C$1:C$31,ROUNDDOWN(QUOTIENT(2*(ROW()-1)+1,4),0)-9,1) -> 0.12857143 | C42: =B42+C40 -> 0.67142857 | E42: {=IF( ISERROR(INDEX(Häufigkeiten!F:F,SMALL(IF(Häufigkeiten!F$7:F$51<>0,ROW($7:$51)),ROW(F36)))),"",INDEX(Häufigkeiten!E:E,SMALL(IF(Häufigkeiten!F$7:F$51<>0,ROW($7:$51)),ROW(F36))))} | F42: {=IF( ISERROR(INDEX(Häufigkeiten!F:F,SMALL(IF(Häufigkeiten!F$7:F$51<>0,ROW($7:$51)),ROW(F36)))),"",INDEX(Häufigkeiten!F:F,SMALL(IF(Häufigkeiten!F$7:F$51<>0,ROW($7:$51)),ROW(F36))))} | G42: =IF(ISERROR(F42/B$4),"",F42/B$4) | Q42: =INDEX(Q$1:Q$31,ROUNDDOWN(QUOTIENT(2*ROW()+1,4),0)-9,1) -> 24 | R42: =INDEX(S$1:S$31,ROUNDDOWN(QUOTIENT(2*(ROW()-1)+1,4),0)-9,1) -> 0.073170732 | S42: =R42+S40 -> 0.68292683 | U42: {=IF( ISERROR(INDEX(Häufigkeiten!V:V,SMALL(IF(Häufigkeiten!V$7:V$51<>0,ROW($7:$51)),ROW(V36)))),"",INDEX(Häufigkeiten!U:U,SMALL(IF(Häufigkeiten!V$7:V$51<>0,ROW($7:$51)),ROW(V36))))} | V42: {=IF( ISERROR(INDEX(Häufigkeiten!V:V,SMALL(IF(Häufigkeiten!V$7:V$51<>0,ROW($7:$51)),ROW(V36)))),"",INDEX(Häufigkeiten!V:V,SMALL(IF(Häufigkeiten!V$7:V$51<>0,ROW($7:$51)),ROW(V36))))} | W42: =IF(ISERROR(V42/R$4),"",V42/R$4) | AG42: =INDEX(AG$1:AG$31,ROUNDDOWN(QUOTIENT(2*ROW()+1,4),0)-9,1) -> 24 | AH42: =INDEX(AI$1:AI$31,ROUNDDOWN(QUOTIENT(2*(ROW()-1)+1,4),0)-9,1) -> 0.20689655 | AI42: =AH42+AI40 -> 0.65517241 | AK42: {=IF( ISERROR(INDEX(Häufigkeiten!AL:AL,SMALL(IF(Häufigkeiten!AL$7:AL$51<>0,ROW($7:$51)),ROW(AL36)))),"",INDEX(Häufigkeiten!AK:AK,SMALL(IF(Häufigkeiten!AL$7:AL$51<>0,ROW($7:$51)),ROW(AL36))))} | AL42: {=IF( ISERROR(INDEX(Häufigkeiten!AL:AL,SMALL(IF(Häufigkeiten!AL$7:AL$51<>0,ROW($7:$51)),ROW(AL36)))),"",INDEX(Häufigkeiten!AL:AL,SMALL(IF(Häufigkeiten!AL$7:AL$51<>0,ROW($7:$51)),ROW(AL36))))} | AM42: =IF(ISERROR(AL42/AH$4),"",AL42/AH$4)
A43: =INDEX(A$1:A$31,ROUNDDOWN(QUOTIENT(2*ROW()+1,4),0)-9,1) -> 24 | B43: =INDEX(C$1:C$31,ROUNDDOWN(QUOTIENT(2*(ROW()-1)+1,4),0)-9,1) -> 0.085714286 | C43: =B43+C42 -> 0.75714286 | E43: {=IF( ISERROR(INDEX(Häufigkeiten!F:F,SMALL(IF(Häufigkeiten!F$7:F$51<>0,ROW($7:$51)),ROW(F37)))),"",INDEX(Häufigkeiten!E:E,SMALL(IF(Häufigkeiten!F$7:F$51<>0,ROW($7:$51)),ROW(F37))))} | F43: {=IF( ISERROR(INDEX(Häufigkeiten!F:F,SMALL(IF(Häufigkeiten!F$7:F$51<>0,ROW($7:$51)),ROW(F37)))),"",INDEX(Häufigkeiten!F:F,SMALL(IF(Häufigkeiten!F$7:F$51<>0,ROW($7:$51)),ROW(F37))))} | G43: =IF(ISERROR(F43/B$4),"",F43/B$4) | Q43: =INDEX(Q$1:Q$31,ROUNDDOWN(QUOTIENT(2*ROW()+1,4),0)-9,1) -> 24 | R43: =INDEX(S$1:S$31,ROUNDDOWN(QUOTIENT(2*(ROW()-1)+1,4),0)-9,1) -> 0.12195122 | S43: =R43+S42 -> 0.80487805 | U43: {=IF( ISERROR(INDEX(Häufigkeiten!V:V,SMALL(IF(Häufigkeiten!V$7:V$51<>0,ROW($7:$51)),ROW(V37)))),"",INDEX(Häufigkeiten!U:U,SMALL(IF(Häufigkeiten!V$7:V$51<>0,ROW($7:$51)),ROW(V37))))} | V43: {=IF( ISERROR(INDEX(Häufigkeiten!V:V,SMALL(IF(Häufigkeiten!V$7:V$51<>0,ROW($7:$51)),ROW(V37)))),"",INDEX(Häufigkeiten!V:V,SMALL(IF(Häufigkeiten!V$7:V$51<>0,ROW($7:$51)),ROW(V37))))} | W43: =IF(ISERROR(V43/R$4),"",V43/R$4) | AG43: =INDEX(AG$1:AG$31,ROUNDDOWN(QUOTIENT(2*ROW()+1,4),0)-9,1) -> 24 | AH43: =INDEX(AI$1:AI$31,ROUNDDOWN(QUOTIENT(2*(ROW()-1)+1,4),0)-9,1) -> 0.034482759 | AI43: =AH43+AI42 -> 0.68965517 | AK43: {=IF( ISERROR(INDEX(Häufigkeiten!AL:AL,SMALL(IF(Häufigkeiten!AL$7:AL$51<>0,ROW($7:$51)),ROW(AL37)))),"",INDEX(Häufigkeiten!AK:AK,SMALL(IF(Häufigkeiten!AL$7:AL$51<>0,ROW($7:$51)),ROW(AL37))))} | AL43: {=IF( ISERROR(INDEX(Häufigkeiten!AL:AL,SMALL(IF(Häufigkeiten!AL$7:AL$51<>0,ROW($7:$51)),ROW(AL37)))),"",INDEX(Häufigkeiten!AL:AL,SMALL(IF(Häufigkeiten!AL$7:AL$51<>0,ROW($7:$51)),ROW(AL37))))} | AM43: =IF(ISERROR(AL43/AH$4),"",AL43/AH$4)
A44: =INDEX(A$1:A$31,ROUNDDOWN(QUOTIENT(2*ROW()+1,4),0)-9,1) -> 25 | B44: =INDEX(C$1:C$31,ROUNDDOWN(QUOTIENT(2*(ROW()-1)+1,4),0)-9,1) -> 0.085714286 | C44: =B44+C42 -> 0.75714286 | E44: {=IF( ISERROR(INDEX(Häufigkeiten!F:F,SMALL(IF(Häufigkeiten!F$7:F$51<>0,ROW($7:$51)),ROW(F38)))),"",INDEX(Häufigkeiten!E:E,SMALL(IF(Häufigkeiten!F$7:F$51<>0,ROW($7:$51)),ROW(F38))))} | F44: {=IF( ISERROR(INDEX(Häufigkeiten!F:F,SMALL(IF(Häufigkeiten!F$7:F$51<>0,ROW($7:$51)),ROW(F38)))),"",INDEX(Häufigkeiten!F:F,SMALL(IF(Häufigkeiten!F$7:F$51<>0,ROW($7:$51)),ROW(F38))))} | G44: =IF(ISERROR(F44/B$4),"",F44/B$4) | Q44: =INDEX(Q$1:Q$31,ROUNDDOWN(QUOTIENT(2*ROW()+1,4),0)-9,1) -> 25 | R44: =INDEX(S$1:S$31,ROUNDDOWN(QUOTIENT(2*(ROW()-1)+1,4),0)-9,1) -> 0.12195122 | S44: =R44+S42 -> 0.80487805 | U44: {=IF( ISERROR(INDEX(Häufigkeiten!V:V,SMALL(IF(Häufigkeiten!V$7:V$51<>0,ROW($7:$51)),ROW(V38)))),"",INDEX(Häufigkeiten!U:U,SMALL(IF(Häufigkeiten!V$7:V$51<>0,ROW($7:$51)),ROW(V38))))} | V44: {=IF( ISERROR(INDEX(Häufigkeiten!V:V,SMALL(IF(Häufigkeiten!V$7:V$51<>0,ROW($7:$51)),ROW(V38)))),"",INDEX(Häufigkeiten!V:V,SMALL(IF(Häufigkeiten!V$7:V$51<>0,ROW($7:$51)),ROW(V38))))} | W44: =IF(ISERROR(V44/R$4),"",V44/R$4) | AG44: =INDEX(AG$1:AG$31,ROUNDDOWN(QUOTIENT(2*ROW()+1,4),0)-9,1) -> 25 | AH44: =INDEX(AI$1:AI$31,ROUNDDOWN(QUOTIENT(2*(ROW()-1)+1,4),0)-9,1) -> 0.034482759 | AI44: =AH44+AI42 -> 0.68965517 | AK44: {=IF( ISERROR(INDEX(Häufigkeiten!AL:AL,SMALL(IF(Häufigkeiten!AL$7:AL$51<>0,ROW($7:$51)),ROW(AL38)))),"",INDEX(Häufigkeiten!AK:AK,SMALL(IF(Häufigkeiten!AL$7:AL$51<>0,ROW($7:$51)),ROW(AL38))))} | AL44: {=IF( ISERROR(INDEX(Häufigkeiten!AL:AL,SMALL(IF(Häufigkeiten!AL$7:AL$51<>0,ROW($7:$51)),ROW(AL38)))),"",INDEX(Häufigkeiten!AL:AL,SMALL(IF(Häufigkeiten!AL$7:AL$51<>0,ROW($7:$51)),ROW(AL38))))} | AM44: =IF(ISERROR(AL44/AH$4),"",AL44/AH$4)
A45: =INDEX(A$1:A$31,ROUNDDOWN(QUOTIENT(2*ROW()+1,4),0)-9,1) -> 25 | B45: =INDEX(C$1:C$31,ROUNDDOWN(QUOTIENT(2*(ROW()-1)+1,4),0)-9,1) -> 0.11428571 | C45: =B45+C44 -> 0.87142857 | E45: {=IF( ISERROR(INDEX(Häufigkeiten!F:F,SMALL(IF(Häufigkeiten!F$7:F$51<>0,ROW($7:$51)),ROW(F39)))),"",INDEX(Häufigkeiten!E:E,SMALL(IF(Häufigkeiten!F$7:F$51<>0,ROW($7:$51)),ROW(F39))))} | F45: {=IF( ISERROR(INDEX(Häufigkeiten!F:F,SMALL(IF(Häufigkeiten!F$7:F$51<>0,ROW($7:$51)),ROW(F39)))),"",INDEX(Häufigkeiten!F:F,SMALL(IF(Häufigkeiten!F$7:F$51<>0,ROW($7:$51)),ROW(F39))))} | G45: =IF(ISERROR(F45/B$4),"",F45/B$4) | Q45: =INDEX(Q$1:Q$31,ROUNDDOWN(QUOTIENT(2*ROW()+1,4),0)-9,1) -> 25 | R45: =INDEX(S$1:S$31,ROUNDDOWN(QUOTIENT(2*(ROW()-1)+1,4),0)-9,1) -> 0.073170732 | S45: =R45+S44 -> 0.87804878 | U45: {=IF( ISERROR(INDEX(Häufigkeiten!V:V,SMALL(IF(Häufigkeiten!V$7:V$51<>0,ROW($7:$51)),ROW(V39)))),"",INDEX(Häufigkeiten!U:U,SMALL(IF(Häufigkeiten!V$7:V$51<>0,ROW($7:$51)),ROW(V39))))} | V45: {=IF( ISERROR(INDEX(Häufigkeiten!V:V,SMALL(IF(Häufigkeiten!V$7:V$51<>0,ROW($7:$51)),ROW(V39)))),"",INDEX(Häufigkeiten!V:V,SMALL(IF(Häufigkeiten!V$7:V$51<>0,ROW($7:$51)),ROW(V39))))} | W45: =IF(ISERROR(V45/R$4),"",V45/R$4) | AG45: =INDEX(AG$1:AG$31,ROUNDDOWN(QUOTIENT(2*ROW()+1,4),0)-9,1) -> 25 | AH45: =INDEX(AI$1:AI$31,ROUNDDOWN(QUOTIENT(2*(ROW()-1)+1,4),0)-9,1) -> 0.17241379 | AI45: =AH45+AI44 -> 0.86206897 | AK45: {=IF( ISERROR(INDEX(Häufigkeiten!AL:AL,SMALL(IF(Häufigkeiten!AL$7:AL$51<>0,ROW($7:$51)),ROW(AL39)))),"",INDEX(Häufigkeiten!AK:AK,SMALL(IF(Häufigkeiten!AL$7:AL$51<>0,ROW($7:$51)),ROW(AL39))))} | AL45: {=IF( ISERROR(INDEX(Häufigkeiten!AL:AL,SMALL(IF(Häufigkeiten!AL$7:AL$51<>0,ROW($7:$51)),ROW(AL39)))),"",INDEX(Häufigkeiten!AL:AL,SMALL(IF(Häufigkeiten!AL$7:AL$51<>0,ROW($7:$51)),ROW(AL39))))} | AM45: =IF(ISERROR(AL45/AH$4),"",AL45/AH$4)
A46: =INDEX(A$1:A$31,ROUNDDOWN(QUOTIENT(2*ROW()+1,4),0)-9,1) -> 26 | B46: =INDEX(C$1:C$31,ROUNDDOWN(QUOTIENT(2*(ROW()-1)+1,4),0)-9,1) -> 0.11428571 | C46: =B46+C44 -> 0.87142857 | E46: {=IF( ISERROR(INDEX(Häufigkeiten!F:F,SMALL(IF(Häufigkeiten!F$7:F$51<>0,ROW($7:$51)),ROW(F40)))),"",INDEX(Häufigkeiten!E:E,SMALL(IF(Häufigkeiten!F$7:F$51<>0,ROW($7:$51)),ROW(F40))))} | F46: {=IF( ISERROR(INDEX(Häufigkeiten!F:F,SMALL(IF(Häufigkeiten!F$7:F$51<>0,ROW($7:$51)),ROW(F40)))),"",INDEX(Häufigkeiten!F:F,SMALL(IF(Häufigkeiten!F$7:F$51<>0,ROW($7:$51)),ROW(F40))))} | G46: =IF(ISERROR(F46/B$4),"",F46/B$4) | Q46: =INDEX(Q$1:Q$31,ROUNDDOWN(QUOTIENT(2*ROW()+1,4),0)-9,1) -> 26 | R46: =INDEX(S$1:S$31,ROUNDDOWN(QUOTIENT(2*(ROW()-1)+1,4),0)-9,1) -> 0.073170732 | S46: =R46+S44 -> 0.87804878 | U46: {=IF( ISERROR(INDEX(Häufigkeiten!V:V,SMALL(IF(Häufigkeiten!V$7:V$51<>0,ROW($7:$51)),ROW(V40)))),"",INDEX(Häufigkeiten!U:U,SMALL(IF(Häufigkeiten!V$7:V$51<>0,ROW($7:$51)),ROW(V40))))} | V46: {=IF( ISERROR(INDEX(Häufigkeiten!V:V,SMALL(IF(Häufigkeiten!V$7:V$51<>0,ROW($7:$51)),ROW(V40)))),"",INDEX(Häufigkeiten!V:V,SMALL(IF(Häufigkeiten!V$7:V$51<>0,ROW($7:$51)),ROW(V40))))} | W46: =IF(ISERROR(V46/R$4),"",V46/R$4) | AG46: =INDEX(AG$1:AG$31,ROUNDDOWN(QUOTIENT(2*ROW()+1,4),0)-9,1) -> 26 | AH46: =INDEX(AI$1:AI$31,ROUNDDOWN(QUOTIENT(2*(ROW()-1)+1,4),0)-9,1) -> 0.17241379 | AI46: =AH46+AI44 -> 0.86206897 | AK46: {=IF( ISERROR(INDEX(Häufigkeiten!AL:AL,SMALL(IF(Häufigkeiten!AL$7:AL$51<>0,ROW($7:$51)),ROW(AL40)))),"",INDEX(Häufigkeiten!AK:AK,SMALL(IF(Häufigkeiten!AL$7:AL$51<>0,ROW($7:$51)),ROW(AL40))))} | AL46: {=IF( ISERROR(INDEX(Häufigkeiten!AL:AL,SMALL(IF(Häufigkeiten!AL$7:AL$51<>0,ROW($7:$51)),ROW(AL40)))),"",INDEX(Häufigkeiten!AL:AL,SMALL(IF(Häufigkeiten!AL$7:AL$51<>0,ROW($7:$51)),ROW(AL40))))} | AM46: =IF(ISERROR(AL46/AH$4),"",AL46/AH$4)
A47: =INDEX(A$1:A$31,ROUNDDOWN(QUOTIENT(2*ROW()+1,4),0)-9,1) -> 26 | B47: =INDEX(C$1:C$31,ROUNDDOWN(QUOTIENT(2*(ROW()-1)+1,4),0)-9,1) -> 0.085714286 | C47: =B47+C46 -> 0.95714286 | E47: {=IF( ISERROR(INDEX(Häufigkeiten!F:F,SMALL(IF(Häufigkeiten!F$7:F$51<>0,ROW($7:$51)),ROW(F41)))),"",INDEX(Häufigkeiten!E:E,SMALL(IF(Häufigkeiten!F$7:F$51<>0,ROW($7:$51)),ROW(F41))))} | F47: {=IF( ISERROR(INDEX(Häufigkeiten!F:F,SMALL(IF(Häufigkeiten!F$7:F$51<>0,ROW($7:$51)),ROW(F41)))),"",INDEX(Häufigkeiten!F:F,SMALL(IF(Häufigkeiten!F$7:F$51<>0,ROW($7:$51)),ROW(F41))))} | G47: =IF(ISERROR(F47/B$4),"",F47/B$4) | Q47: =INDEX(Q$1:Q$31,ROUNDDOWN(QUOTIENT(2*ROW()+1,4),0)-9,1) -> 26 | R47: =INDEX(S$1:S$31,ROUNDDOWN(QUOTIENT(2*(ROW()-1)+1,4),0)-9,1) -> 0.048780488 | S47: =R47+S46 -> 0.92682927 | U47: {=IF( ISERROR(INDEX(Häufigkeiten!V:V,SMALL(IF(Häufigkeiten!V$7:V$51<>0,ROW($7:$51)),ROW(V41)))),"",INDEX(Häufigkeiten!U:U,SMALL(IF(Häufigkeiten!V$7:V$51<>0,ROW($7:$51)),ROW(V41))))} | V47: {=IF( ISERROR(INDEX(Häufigkeiten!V:V,SMALL(IF(Häufigkeiten!V$7:V$51<>0,ROW($7:$51)),ROW(V41)))),"",INDEX(Häufigkeiten!V:V,SMALL(IF(Häufigkeiten!V$7:V$51<>0,ROW($7:$51)),ROW(V41))))} | W47: =IF(ISERROR(V47/R$4),"",V47/R$4) | AG47: =INDEX(AG$1:AG$31,ROUNDDOWN(QUOTIENT(2*ROW()+1,4),0)-9,1) -> 26 | AH47: =INDEX(AI$1:AI$31,ROUNDDOWN(QUOTIENT(2*(ROW()-1)+1,4),0)-9,1) -> 0.13793103 | AI47: =AH47+AI46 -> 1 | AK47: {=IF( ISERROR(INDEX(Häufigkeiten!AL:AL,SMALL(IF(Häufigkeiten!AL$7:AL$51<>0,ROW($7:$51)),ROW(AL41)))),"",INDEX(Häufigkeiten!AK:AK,SMALL(IF(Häufigkeiten!AL$7:AL$51<>0,ROW($7:$51)),ROW(AL41))))} | AL47: {=IF( ISERROR(INDEX(Häufigkeiten!AL:AL,SMALL(IF(Häufigkeiten!AL$7:AL$51<>0,ROW($7:$51)),ROW(AL41)))),"",INDEX(Häufigkeiten!AL:AL,SMALL(IF(Häufigkeiten!AL$7:AL$51<>0,ROW($7:$51)),ROW(AL41))))} | AM47: =IF(ISERROR(AL47/AH$4),"",AL47/AH$4)
A48: =INDEX(A$1:A$31,ROUNDDOWN(QUOTIENT(2*ROW()+1,4),0)-9,1) -> 27 | B48: =INDEX(C$1:C$31,ROUNDDOWN(QUOTIENT(2*(ROW()-1)+1,4),0)-9,1) -> 0.085714286 | C48: =B48+C46 -> 0.95714286 | E48: {=IF( ISERROR(INDEX(Häufigkeiten!F:F,SMALL(IF(Häufigkeiten!F$7:F$51<>0,ROW($7:$51)),ROW(F42)))),"",INDEX(Häufigkeiten!E:E,SMALL(IF(Häufigkeiten!F$7:F$51<>0,ROW($7:$51)),ROW(F42))))} | F48: {=IF( ISERROR(INDEX(Häufigkeiten!F:F,SMALL(IF(Häufigkeiten!F$7:F$51<>0,ROW($7:$51)),ROW(F42)))),"",INDEX(Häufigkeiten!F:F,SMALL(IF(Häufigkeiten!F$7:F$51<>0,ROW($7:$51)),ROW(F42))))} | G48: =IF(ISERROR(F48/B$4),"",F48/B$4) | Q48: =INDEX(Q$1:Q$31,ROUNDDOWN(QUOTIENT(2*ROW()+1,4),0)-9,1) -> 27 | R48: =INDEX(S$1:S$31,ROUNDDOWN(QUOTIENT(2*(ROW()-1)+1,4),0)-9,1) -> 0.048780488 | S48: =R48+S46 -> 0.92682927 | U48: {=IF( ISERROR(INDEX(Häufigkeiten!V:V,SMALL(IF(Häufigkeiten!V$7:V$51<>0,ROW($7:$51)),ROW(V42)))),"",INDEX(Häufigkeiten!U:U,SMALL(IF(Häufigkeiten!V$7:V$51<>0,ROW($7:$51)),ROW(V42))))} | V48: {=IF( ISERROR(INDEX(Häufigkeiten!V:V,SMALL(IF(Häufigkeiten!V$7:V$51<>0,ROW($7:$51)),ROW(V42)))),"",INDEX(Häufigkeiten!V:V,SMALL(IF(Häufigkeiten!V$7:V$51<>0,ROW($7:$51)),ROW(V42))))} | W48: =IF(ISERROR(V48/R$4),"",V48/R$4) | AG48: =INDEX(AG$1:AG$31,ROUNDDOWN(QUOTIENT(2*ROW()+1,4),0)-9,1) | AH48: =INDEX(AI$1:AI$31,ROUNDDOWN(QUOTIENT(2*(ROW()-1)+1,4),0)-9,1) -> 0.13793103 | AI48: =AH48+AI46 -> 1 | AK48: {=IF( ISERROR(INDEX(Häufigkeiten!AL:AL,SMALL(IF(Häufigkeiten!AL$7:AL$51<>0,ROW($7:$51)),ROW(AL42)))),"",INDEX(Häufigkeiten!AK:AK,SMALL(IF(Häufigkeiten!AL$7:AL$51<>0,ROW($7:$51)),ROW(AL42))))} | AL48: {=IF( ISERROR(INDEX(Häufigkeiten!AL:AL,SMALL(IF(Häufigkeiten!AL$7:AL$51<>0,ROW($7:$51)),ROW(AL42)))),"",INDEX(Häufigkeiten!AL:AL,SMALL(IF(Häufigkeiten!AL$7:AL$51<>0,ROW($7:$51)),ROW(AL42))))} | AM48: =IF(ISERROR(AL48/AH$4),"",AL48/AH$4)
A49: =INDEX(A$1:A$31,ROUNDDOWN(QUOTIENT(2*ROW()+1,4),0)-9,1) -> 27 | B49: =INDEX(C$1:C$31,ROUNDDOWN(QUOTIENT(2*(ROW()-1)+1,4),0)-9,1) -> 0.014285714 | C49: =B49+C48 -> 0.97142857 | E49: {=IF( ISERROR(INDEX(Häufigkeiten!F:F,SMALL(IF(Häufigkeiten!F$7:F$51<>0,ROW($7:$51)),ROW(F43)))),"",INDEX(Häufigkeiten!E:E,SMALL(IF(Häufigkeiten!F$7:F$51<>0,ROW($7:$51)),ROW(F43))))} | F49: {=IF( ISERROR(INDEX(Häufigkeiten!F:F,SMALL(IF(Häufigkeiten!F$7:F$51<>0,ROW($7:$51)),ROW(F43)))),"",INDEX(Häufigkeiten!F:F,SMALL(IF(Häufigkeiten!F$7:F$51<>0,ROW($7:$51)),ROW(F43))))} | G49: =IF(ISERROR(F49/B$4),"",F49/B$4) | Q49: =INDEX(Q$1:Q$31,ROUNDDOWN(QUOTIENT(2*ROW()+1,4),0)-9,1) -> 27 | R49: =INDEX(S$1:S$31,ROUNDDOWN(QUOTIENT(2*(ROW()-1)+1,4),0)-9,1) -> 0.024390244 | S49: =R49+S48 -> 0.95121951 | U49: {=IF( ISERROR(INDEX(Häufigkeiten!V:V,SMALL(IF(Häufigkeiten!V$7:V$51<>0,ROW($7:$51)),ROW(V43)))),"",INDEX(Häufigkeiten!U:U,SMALL(IF(Häufigkeiten!V$7:V$51<>0,ROW($7:$51)),ROW(V43))))} | V49: {=IF( ISERROR(INDEX(Häufigkeiten!V:V,SMALL(IF(Häufigkeiten!V$7:V$51<>0,ROW($7:$51)),ROW(V43)))),"",INDEX(Häufigkeiten!V:V,SMALL(IF(Häufigkeiten!V$7:V$51<>0,ROW($7:$51)),ROW(V43))))} | W49: =IF(ISERROR(V49/R$4),"",V49/R$4) | AG49: =INDEX(AG$1:AG$31,ROUNDDOWN(QUOTIENT(2*ROW()+1,4),0)-9,1) | AH49: =INDEX(AI$1:AI$31,ROUNDDOWN(QUOTIENT(2*(ROW()-1)+1,4),0)-9,1) | AI49: =AH49+AI48 -> #VALUE! | AK49: {=IF( ISERROR(INDEX(Häufigkeiten!AL:AL,SMALL(IF(Häufigkeiten!AL$7:AL$51<>0,ROW($7:$51)),ROW(AL43)))),"",INDEX(Häufigkeiten!AK:AK,SMALL(IF(Häufigkeiten!AL$7:AL$51<>0,ROW($7:$51)),ROW(AL43))))} | AL49: {=IF( ISERROR(INDEX(Häufigkeiten!AL:AL,SMALL(IF(Häufigkeiten!AL$7:AL$51<>0,ROW($7:$51)),ROW(AL43)))),"",INDEX(Häufigkeiten!AL:AL,SMALL(IF(Häufigkeiten!AL$7:AL$51<>0,ROW($7:$51)),ROW(AL43))))} | AM49: =IF(ISERROR(AL49/AH$4),"",AL49/AH$4)
A50: =INDEX(A$1:A$31,ROUNDDOWN(QUOTIENT(2*ROW()+1,4),0)-9,1) -> 28 | B50: =INDEX(C$1:C$31,ROUNDDOWN(QUOTIENT(2*(ROW()-1)+1,4),0)-9,1) -> 0.014285714 | C50: =B50+C48 -> 0.97142857 | E50: {=IF( ISERROR(INDEX(Häufigkeiten!F:F,SMALL(IF(Häufigkeiten!F$7:F$51<>0,ROW($7:$51)),ROW(F44)))),"",INDEX(Häufigkeiten!E:E,SMALL(IF(Häufigkeiten!F$7:F$51<>0,ROW($7:$51)),ROW(F44))))} | F50: {=IF( ISERROR(INDEX(Häufigkeiten!F:F,SMALL(IF(Häufigkeiten!F$7:F$51<>0,ROW($7:$51)),ROW(F44)))),"",INDEX(Häufigkeiten!F:F,SMALL(IF(Häufigkeiten!F$7:F$51<>0,ROW($7:$51)),ROW(F44))))} | G50: =IF(ISERROR(F50/B$4),"",F50/B$4) | Q50: =INDEX(Q$1:Q$31,ROUNDDOWN(QUOTIENT(2*ROW()+1,4),0)-9,1) -> 28 | R50: =INDEX(S$1:S$31,ROUNDDOWN(QUOTIENT(2*(ROW()-1)+1,4),0)-9,1) -> 0.024390244 | S50: =R50+S48 -> 0.95121951 | U50: {=IF( ISERROR(INDEX(Häufigkeiten!V:V,SMALL(IF(Häufigkeiten!V$7:V$51<>0,ROW($7:$51)),ROW(V44)))),"",INDEX(Häufigkeiten!U:U,SMALL(IF(Häufigkeiten!V$7:V$51<>0,ROW($7:$51)),ROW(V44))))} | V50: {=IF( ISERROR(INDEX(Häufigkeiten!V:V,SMALL(IF(Häufigkeiten!V$7:V$51<>0,ROW($7:$51)),ROW(V44)))),"",INDEX(Häufigkeiten!V:V,SMALL(IF(Häufigkeiten!V$7:V$51<>0,ROW($7:$51)),ROW(V44))))} | W50: =IF(ISERROR(V50/R$4),"",V50/R$4) | AG50: =INDEX(AG$1:AG$31,ROUNDDOWN(QUOTIENT(2*ROW()+1,4),0)-9,1) | AH50: =INDEX(AI$1:AI$31,ROUNDDOWN(QUOTIENT(2*(ROW()-1)+1,4),0)-9,1) | AI50: =AH50+AI48 -> #VALUE! | AK50: {=IF( ISERROR(INDEX(Häufigkeiten!AL:AL,SMALL(IF(Häufigkeiten!AL$7:AL$51<>0,ROW($7:$51)),ROW(AL44)))),"",INDEX(Häufigkeiten!AK:AK,SMALL(IF(Häufigkeiten!AL$7:AL$51<>0,ROW($7:$51)),ROW(AL44))))} | AL50: {=IF( ISERROR(INDEX(Häufigkeiten!AL:AL,SMALL(IF(Häufigkeiten!AL$7:AL$51<>0,ROW($7:$51)),ROW(AL44)))),"",INDEX(Häufigkeiten!AL:AL,SMALL(IF(Häufigkeiten!AL$7:AL$51<>0,ROW($7:$51)),ROW(AL44))))} | AM50: =IF(ISERROR(AL50/AH$4),"",AL50/AH$4)
A51: =INDEX(A$1:A$31,ROUNDDOWN(QUOTIENT(2*ROW()+1,4),0)-9,1) -> 28 | B51: =INDEX(C$1:C$31,ROUNDDOWN(QUOTIENT(2*(ROW()-1)+1,4),0)-9,1) -> 0.028571429 | C51: =B51+C50 -> 1 | E51: {=IF( ISERROR(INDEX(Häufigkeiten!F:F,SMALL(IF(Häufigkeiten!F$7:F$51<>0,ROW($7:$51)),ROW(F45)))),"",INDEX(Häufigkeiten!E:E,SMALL(IF(Häufigkeiten!F$7:F$51<>0,ROW($7:$51)),ROW(F45))))} | F51: {=IF( ISERROR(INDEX(Häufigkeiten!F:F,SMALL(IF(Häufigkeiten!F$7:F$51<>0,ROW($7:$51)),ROW(F45)))),"",INDEX(Häufigkeiten!F:F,SMALL(IF(Häufigkeiten!F$7:F$51<>0,ROW($7:$51)),ROW(F45))))} | G51: =IF(ISERROR(F51/B$4),"",F51/B$4) | Q51: =INDEX(Q$1:Q$31,ROUNDDOWN(QUOTIENT(2*ROW()+1,4),0)-9,1) -> 28 | R51: =INDEX(S$1:S$31,ROUNDDOWN(QUOTIENT(2*(ROW()-1)+1,4),0)-9,1) -> 0.048780488 | S51: =R51+S50 -> 1 | U51: {=IF( ISERROR(INDEX(Häufigkeiten!V:V,SMALL(IF(Häufigkeiten!V$7:V$51<>0,ROW($7:$51)),ROW(V45)))),"",INDEX(Häufigkeiten!U:U,SMALL(IF(Häufigkeiten!V$7:V$51<>0,ROW($7:$51)),ROW(V45))))} | V51: {=IF( ISERROR(INDEX(Häufigkeiten!V:V,SMALL(IF(Häufigkeiten!V$7:V$51<>0,ROW($7:$51)),ROW(V45)))),"",INDEX(Häufigkeiten!V:V,SMALL(IF(Häufigkeiten!V$7:V$51<>0,ROW($7:$51)),ROW(V45))))} | W51: =IF(ISERROR(V51/R$4),"",V51/R$4) | AG51: =INDEX(AG$1:AG$31,ROUNDDOWN(QUOTIENT(2*ROW()+1,4),0)-9,1) | AH51: =INDEX(AI$1:AI$31,ROUNDDOWN(QUOTIENT(2*(ROW()-1)+1,4),0)-9,1) | AI51: =AH51+AI50 -> #VALUE! | AK51: {=IF( ISERROR(INDEX(Häufigkeiten!AL:AL,SMALL(IF(Häufigkeiten!AL$7:AL$51<>0,ROW($7:$51)),ROW(AL45)))),"",INDEX(Häufigkeiten!AK:AK,SMALL(IF(Häufigkeiten!AL$7:AL$51<>0,ROW($7:$51)),ROW(AL45))))} | AL51: {=IF( ISERROR(INDEX(Häufigkeiten!AL:AL,SMALL(IF(Häufigkeiten!AL$7:AL$51<>0,ROW($7:$51)),ROW(AL45)))),"",INDEX(Häufigkeiten!AL:AL,SMALL(IF(Häufigkeiten!AL$7:AL$51<>0,ROW($7:$51)),ROW(AL45))))} | AM51: =IF(ISERROR(AL51/AH$4),"",AL51/AH$4)
A52: =INDEX(A$1:A$31,ROUNDDOWN(QUOTIENT(2*ROW()+1,4),0)-9,1) | B52: =INDEX(C$1:C$31,ROUNDDOWN(QUOTIENT(2*(ROW()-1)+1,4),0)-9,1) -> 0.028571429 | C52: =B52+C50 -> 1 | E52: =INDEX(E$1:E$51,ROUNDDOWN(QUOTIENT(2*ROW()+1,4),0)-19,1) -> 155 | F52: 0 | G52: 0 | Q52: =INDEX(Q$1:Q$31,ROUNDDOWN(QUOTIENT(2*ROW()+1,4),0)-9,1) | R52: =INDEX(S$1:S$31,ROUNDDOWN(QUOTIENT(2*(ROW()-1)+1,4),0)-9,1) -> 0.048780488 | S52: =R52+S50 -> 1 | U52: =INDEX(U$1:U$51,ROUNDDOWN(QUOTIENT(2*ROW()+1,4),0)-19,1) -> 160 | V52: 0 | W52: 0 | AG52: =INDEX(AG$1:AG$31,ROUNDDOWN(QUOTIENT(2*ROW()+1,4),0)-9,1) | AH52: =INDEX(AI$1:AI$31,ROUNDDOWN(QUOTIENT(2*(ROW()-1)+1,4),0)-9,1) | AI52: =AH52+AI50 -> #VALUE! | AK52: =INDEX(AK$1:AK$51,ROUNDDOWN(QUOTIENT(2*ROW()+1,4),0)-19,1) -> 155 | AL52: 0 | AM52: 0
A53: =INDEX(A$1:A$31,ROUNDDOWN(QUOTIENT(2*ROW()+1,4),0)-9,1) | B53: =INDEX(C$1:C$31,ROUNDDOWN(QUOTIENT(2*(ROW()-1)+1,4),0)-9,1) | C53: =B53+C52 -> #VALUE! | E53: =INDEX(E$1:E$51,ROUNDDOWN(QUOTIENT(2*ROW()+1,4),0)-19,1) -> 155 | F53: =INDEX(G$1:G$51,ROUNDDOWN(QUOTIENT(2*(ROW()-1)+1,4),0)-19,1) -> 0.014285714 | G53: =F53+G52 -> 0.014285714 | Q53: =INDEX(Q$1:Q$31,ROUNDDOWN(QUOTIENT(2*ROW()+1,4),0)-9,1) | R53: =INDEX(S$1:S$31,ROUNDDOWN(QUOTIENT(2*(ROW()-1)+1,4),0)-9,1) | S53: =R53+S52 -> #VALUE! | U53: =INDEX(U$1:U$51,ROUNDDOWN(QUOTIENT(2*ROW()+1,4),0)-19,1) -> 160 | V53: =INDEX(W$1:W$51,ROUNDDOWN(QUOTIENT(2*(ROW()-1)+1,4),0)-19,1) -> 0.073170732 | W53: =V53+W52 -> 0.073170732 | AG53: =INDEX(AG$1:AG$31,ROUNDDOWN(QUOTIENT(2*ROW()+1,4),0)-9,1) | AH53: =INDEX(AI$1:AI$31,ROUNDDOWN(QUOTIENT(2*(ROW()-1)+1,4),0)-9,1) | AI53: =AH53+AI52 -> #VALUE! | AK53: =INDEX(AK$1:AK$51,ROUNDDOWN(QUOTIENT(2*ROW()+1,4),0)-19,1) -> 155 | AL53: =INDEX(AM$1:AM$51,ROUNDDOWN(QUOTIENT(2*(ROW()-1)+1,4),0)-19,1) -> 0.034482759 | AM53: =AL53+AM52 -> 0.034482759
A54: =INDEX(A$1:A$31,ROUNDDOWN(QUOTIENT(2*ROW()+1,4),0)-9,1) | B54: =INDEX(C$1:C$31,ROUNDDOWN(QUOTIENT(2*(ROW()-1)+1,4),0)-9,1) | C54: =B54+C52 -> #VALUE! | E54: =INDEX(E$1:E$51,ROUNDDOWN(QUOTIENT(2*ROW()+1,4),0)-19,1) -> 160 | F54: =INDEX(G$1:G$51,ROUNDDOWN(QUOTIENT(2*(ROW()-1)+1,4),0)-19,1) -> 0.014285714 | G54: =F54+G52 -> 0.014285714 | Q54: =INDEX(Q$1:Q$31,ROUNDDOWN(QUOTIENT(2*ROW()+1,4),0)-9,1) | R54: =INDEX(S$1:S$31,ROUNDDOWN(QUOTIENT(2*(ROW()-1)+1,4),0)-9,1) | S54: =R54+S52 -> #VALUE! | U54: =INDEX(U$1:U$51,ROUNDDOWN(QUOTIENT(2*ROW()+1,4),0)-19,1) -> 161 | V54: =INDEX(W$1:W$51,ROUNDDOWN(QUOTIENT(2*(ROW()-1)+1,4),0)-19,1) -> 0.073170732 | W54: =V54+W52 -> 0.073170732 | AG54: =INDEX(AG$1:AG$31,ROUNDDOWN(QUOTIENT(2*ROW()+1,4),0)-9,1) | AH54: =INDEX(AI$1:AI$31,ROUNDDOWN(QUOTIENT(2*(ROW()-1)+1,4),0)-9,1) | AI54: =AH54+AI52 -> #VALUE! | AK54: =INDEX(AK$1:AK$51,ROUNDDOWN(QUOTIENT(2*ROW()+1,4),0)-19,1) -> 160 | AL54: =INDEX(AM$1:AM$51,ROUNDDOWN(QUOTIENT(2*(ROW()-1)+1,4),0)-19,1) -> 0.034482759 | AM54: =AL54+AM52 -> 0.034482759
A55: =INDEX(A$1:A$31,ROUNDDOWN(QUOTIENT(2*ROW()+1,4),0)-9,1) | B55: =INDEX(C$1:C$31,ROUNDDOWN(QUOTIENT(2*(ROW()-1)+1,4),0)-9,1) | C55: =B55+C54 -> #VALUE! | E55: =INDEX(E$1:E$51,ROUNDDOWN(QUOTIENT(2*ROW()+1,4),0)-19,1) -> 160 | F55: =INDEX(G$1:G$51,ROUNDDOWN(QUOTIENT(2*(ROW()-1)+1,4),0)-19,1) -> 0.071428571 | G55: =F55+G54 -> 0.085714286 | Q55: =INDEX(Q$1:Q$31,ROUNDDOWN(QUOTIENT(2*ROW()+1,4),0)-9,1) | R55: =INDEX(S$1:S$31,ROUNDDOWN(QUOTIENT(2*(ROW()-1)+1,4),0)-9,1) | S55: =R55+S54 -> #VALUE! | U55: =INDEX(U$1:U$51,ROUNDDOWN(QUOTIENT(2*ROW()+1,4),0)-19,1) -> 161 | V55: =INDEX(W$1:W$51,ROUNDDOWN(QUOTIENT(2*(ROW()-1)+1,4),0)-19,1) -> 0.024390244 | W55: =V55+W54 -> 0.097560976 | AG55: =INDEX(AG$1:AG$31,ROUNDDOWN(QUOTIENT(2*ROW()+1,4),0)-9,1) | AH55: =INDEX(AI$1:AI$31,ROUNDDOWN(QUOTIENT(2*(ROW()-1)+1,4),0)-9,1) | AI55: =AH55+AI54 -> #VALUE! | AK55: =INDEX(AK$1:AK$51,ROUNDDOWN(QUOTIENT(2*ROW()+1,4),0)-19,1) -> 160 | AL55: =INDEX(AM$1:AM$51,ROUNDDOWN(QUOTIENT(2*(ROW()-1)+1,4),0)-19,1) -> 0.068965517 | AM55: =AL55+AM54 -> 0.10344828
A56: =INDEX(A$1:A$31,ROUNDDOWN(QUOTIENT(2*ROW()+1,4),0)-9,1) | B56: =INDEX(C$1:C$31,ROUNDDOWN(QUOTIENT(2*(ROW()-1)+1,4),0)-9,1) | C56: =B56+C54 -> #VALUE! | E56: =INDEX(E$1:E$51,ROUNDDOWN(QUOTIENT(2*ROW()+1,4),0)-19,1) -> 161 | F56: =INDEX(G$1:G$51,ROUNDDOWN(QUOTIENT(2*(ROW()-1)+1,4),0)-19,1) -> 0.071428571 | G56: =F56+G54 -> 0.085714286 | Q56: =INDEX(Q$1:Q$31,ROUNDDOWN(QUOTIENT(2*ROW()+1,4),0)-9,1) | R56: =INDEX(S$1:S$31,ROUNDDOWN(QUOTIENT(2*(ROW()-1)+1,4),0)-9,1) | S56: =R56+S54 -> #VALUE! | U56: =INDEX(U$1:U$51,ROUNDDOWN(QUOTIENT(2*ROW()+1,4),0)-19,1) -> 163 | V56: =INDEX(W$1:W$51,ROUNDDOWN(QUOTIENT(2*(ROW()-1)+1,4),0)-19,1) -> 0.024390244 | W56: =V56+W54 -> 0.097560976 | AG56: =INDEX(AG$1:AG$31,ROUNDDOWN(QUOTIENT(2*ROW()+1,4),0)-9,1) | AH56: =INDEX(AI$1:AI$31,ROUNDDOWN(QUOTIENT(2*(ROW()-1)+1,4),0)-9,1) | AI56: =AH56+AI54 -> #VALUE! | AK56: =INDEX(AK$1:AK$51,ROUNDDOWN(QUOTIENT(2*ROW()+1,4),0)-19,1) -> 165 | AL56: =INDEX(AM$1:AM$51,ROUNDDOWN(QUOTIENT(2*(ROW()-1)+1,4),0)-19,1) -> 0.068965517 | AM56: =AL56+AM54 -> 0.10344828
A57: =INDEX(A$1:A$31,ROUNDDOWN(QUOTIENT(2*ROW()+1,4),0)-9,1) | B57: =INDEX(C$1:C$31,ROUNDDOWN(QUOTIENT(2*(ROW()-1)+1,4),0)-9,1) | C57: =B57+C56 -> #VALUE! | E57: =INDEX(E$1:E$51,ROUNDDOWN(QUOTIENT(2*ROW()+1,4),0)-19,1) -> 161 | F57: =INDEX(G$1:G$51,ROUNDDOWN(QUOTIENT(2*(ROW()-1)+1,4),0)-19,1) -> 0.014285714 | G57: =F57+G56 -> 0.1 | Q57: =INDEX(Q$1:Q$31,ROUNDDOWN(QUOTIENT(2*ROW()+1,4),0)-9,1) | R57: =INDEX(S$1:S$31,ROUNDDOWN(QUOTIENT(2*(ROW()-1)+1,4),0)-9,1) | S57: =R57+S56 -> #VALUE! | U57: =INDEX(U$1:U$51,ROUNDDOWN(QUOTIENT(2*ROW()+1,4),0)-19,1) -> 163 | V57: =INDEX(W$1:W$51,ROUNDDOWN(QUOTIENT(2*(ROW()-1)+1,4),0)-19,1) -> 0.073170732 | W57: =V57+W56 -> 0.17073171 | AG57: =INDEX(AG$1:AG$31,ROUNDDOWN(QUOTIENT(2*ROW()+1,4),0)-9,1) | AH57: =INDEX(AI$1:AI$31,ROUNDDOWN(QUOTIENT(2*(ROW()-1)+1,4),0)-9,1) | AI57: =AH57+AI56 -> #VALUE! | AK57: =INDEX(AK$1:AK$51,ROUNDDOWN(QUOTIENT(2*ROW()+1,4),0)-19,1) -> 165 | AL57: =INDEX(AM$1:AM$51,ROUNDDOWN(QUOTIENT(2*(ROW()-1)+1,4),0)-19,1) -> 0.068965517 | AM57: =AL57+AM56 -> 0.17241379
A58: =INDEX(A$1:A$31,ROUNDDOWN(QUOTIENT(2*ROW()+1,4),0)-9,1) | B58: =INDEX(C$1:C$31,ROUNDDOWN(QUOTIENT(2*(ROW()-1)+1,4),0)-9,1) | C58: =B58+C56 -> #VALUE! | E58: =INDEX(E$1:E$51,ROUNDDOWN(QUOTIENT(2*ROW()+1,4),0)-19,1) -> 163 | F58: =INDEX(G$1:G$51,ROUNDDOWN(QUOTIENT(2*(ROW()-1)+1,4),0)-19,1) -> 0.014285714 | G58: =F58+G56 -> 0.1 | Q58: =INDEX(Q$1:Q$31,ROUNDDOWN(QUOTIENT(2*ROW()+1,4),0)-9,1) | R58: =INDEX(S$1:S$31,ROUNDDOWN(QUOTIENT(2*(ROW()-1)+1,4),0)-9,1) | S58: =R58+S56 -> #VALUE! | U58: =INDEX(U$1:U$51,ROUNDDOWN(QUOTIENT(2*ROW()+1,4),0)-19,1) -> 164 | V58: =INDEX(W$1:W$51,ROUNDDOWN(QUOTIENT(2*(ROW()-1)+1,4),0)-19,1) -> 0.073170732 | W58: =V58+W56 -> 0.17073171 | AG58: =INDEX(AG$1:AG$31,ROUNDDOWN(QUOTIENT(2*ROW()+1,4),0)-9,1) | AH58: =INDEX(AI$1:AI$31,ROUNDDOWN(QUOTIENT(2*(ROW()-1)+1,4),0)-9,1) | AI58: =AH58+AI56 -> #VALUE! | AK58: =INDEX(AK$1:AK$51,ROUNDDOWN(QUOTIENT(2*ROW()+1,4),0)-19,1) -> 170 | AL58: =INDEX(AM$1:AM$51,ROUNDDOWN(QUOTIENT(2*(ROW()-1)+1,4),0)-19,1) -> 0.068965517 | AM58: =AL58+AM56 -> 0.17241379
A59: =INDEX(A$1:A$31,ROUNDDOWN(QUOTIENT(2*ROW()+1,4),0)-9,1) | B59: =INDEX(C$1:C$31,ROUNDDOWN(QUOTIENT(2*(ROW()-1)+1,4),0)-9,1) | C59: =B59+C58 -> #VALUE! | E59: =INDEX(E$1:E$51,ROUNDDOWN(QUOTIENT(2*ROW()+1,4),0)-19,1) -> 163 | F59: =INDEX(G$1:G$51,ROUNDDOWN(QUOTIENT(2*(ROW()-1)+1,4),0)-19,1) -> 0.042857143 | G59: =F59+G58 -> 0.14285714 | Q59: =INDEX(Q$1:Q$31,ROUNDDOWN(QUOTIENT(2*ROW()+1,4),0)-9,1) | R59: =INDEX(S$1:S$31,ROUNDDOWN(QUOTIENT(2*(ROW()-1)+1,4),0)-9,1) | S59: =R59+S58 -> #VALUE! | U59: =INDEX(U$1:U$51,ROUNDDOWN(QUOTIENT(2*ROW()+1,4),0)-19,1) -> 164 | V59: =INDEX(W$1:W$51,ROUNDDOWN(QUOTIENT(2*(ROW()-1)+1,4),0)-19,1) -> 0.024390244 | W59: =V59+W58 -> 0.19512195 | AG59: =INDEX(AG$1:AG$31,ROUNDDOWN(QUOTIENT(2*ROW()+1,4),0)-9,1) | AH59: =INDEX(AI$1:AI$31,ROUNDDOWN(QUOTIENT(2*(ROW()-1)+1,4),0)-9,1) | AI59: =AH59+AI58 -> #VALUE! | AK59: =INDEX(AK$1:AK$51,ROUNDDOWN(QUOTIENT(2*ROW()+1,4),0)-19,1) -> 170 | AL59: =INDEX(AM$1:AM$51,ROUNDDOWN(QUOTIENT(2*(ROW()-1)+1,4),0)-19,1) -> 0.068965517 | AM59: =AL59+AM58 -> 0.24137931
A60: =INDEX(A$1:A$31,ROUNDDOWN(QUOTIENT(2*ROW()+1,4),0)-9,1) | B60: =INDEX(C$1:C$31,ROUNDDOWN(QUOTIENT(2*(ROW()-1)+1,4),0)-9,1) | C60: =B60+C58 -> #VALUE! | E60: =INDEX(E$1:E$51,ROUNDDOWN(QUOTIENT(2*ROW()+1,4),0)-19,1) -> 164 | F60: =INDEX(G$1:G$51,ROUNDDOWN(QUOTIENT(2*(ROW()-1)+1,4),0)-19,1) -> 0.042857143 | G60: =F60+G58 -> 0.14285714 | Q60: =INDEX(Q$1:Q$31,ROUNDDOWN(QUOTIENT(2*ROW()+1,4),0)-9,1) | R60: =INDEX(S$1:S$31,ROUNDDOWN(QUOTIENT(2*(ROW()-1)+1,4),0)-9,1) | S60: =R60+S58 -> #VALUE! | U60: =INDEX(U$1:U$51,ROUNDDOWN(QUOTIENT(2*ROW()+1,4),0)-19,1) -> 165 | V60: =INDEX(W$1:W$51,ROUNDDOWN(QUOTIENT(2*(ROW()-1)+1,4),0)-19,1) -> 0.024390244 | W60: =V60+W58 -> 0.19512195 | AG60: =INDEX(AG$1:AG$31,ROUNDDOWN(QUOTIENT(2*ROW()+1,4),0)-9,1) | AH60: =INDEX(AI$1:AI$31,ROUNDDOWN(QUOTIENT(2*(ROW()-1)+1,4),0)-9,1) | AI60: =AH60+AI58 -> #VALUE! | AK60: =INDEX(AK$1:AK$51,ROUNDDOWN(QUOTIENT(2*ROW()+1,4),0)-19,1) -> 174 | AL60: =INDEX(AM$1:AM$51,ROUNDDOWN(QUOTIENT(2*(ROW()-1)+1,4),0)-19,1) -> 0.068965517 | AM60: =AL60+AM58 -> 0.24137931
A61: =INDEX(A$1:A$31,ROUNDDOWN(QUOTIENT(2*ROW()+1,4),0)-9,1) | B61: =INDEX(C$1:C$31,ROUNDDOWN(QUOTIENT(2*(ROW()-1)+1,4),0)-9,1) | C61: =B61+C60 -> #VALUE! | E61: =INDEX(E$1:E$51,ROUNDDOWN(QUOTIENT(2*ROW()+1,4),0)-19,1) -> 164 | F61: =INDEX(G$1:G$51,ROUNDDOWN(QUOTIENT(2*(ROW()-1)+1,4),0)-19,1) -> 0.014285714 | G61: =F61+G60 -> 0.15714286 | Q61: =INDEX(Q$1:Q$31,ROUNDDOWN(QUOTIENT(2*ROW()+1,4),0)-9,1) | R61: =INDEX(S$1:S$31,ROUNDDOWN(QUOTIENT(2*(ROW()-1)+1,4),0)-9,1) | S61: =R61+S60 -> #VALUE! | U61: =INDEX(U$1:U$51,ROUNDDOWN(QUOTIENT(2*ROW()+1,4),0)-19,1) -> 165 | V61: =INDEX(W$1:W$51,ROUNDDOWN(QUOTIENT(2*(ROW()-1)+1,4),0)-19,1) -> 0.024390244 | W61: =V61+W60 -> 0.2195122 | AG61: =INDEX(AG$1:AG$31,ROUNDDOWN(QUOTIENT(2*ROW()+1,4),0)-9,1) | AH61: =INDEX(AI$1:AI$31,ROUNDDOWN(QUOTIENT(2*(ROW()-1)+1,4),0)-9,1) | AI61: =AH61+AI60 -> #VALUE! | AK61: =INDEX(AK$1:AK$51,ROUNDDOWN(QUOTIENT(2*ROW()+1,4),0)-19,1) -> 174 | AL61: =INDEX(AM$1:AM$51,ROUNDDOWN(QUOTIENT(2*(ROW()-1)+1,4),0)-19,1) -> 0.034482759 | AM61: =AL61+AM60 -> 0.27586207
A62: =INDEX(A$1:A$31,ROUNDDOWN(QUOTIENT(2*ROW()+1,4),0)-9,1) | B62: =INDEX(C$1:C$31,ROUNDDOWN(QUOTIENT(2*(ROW()-1)+1,4),0)-9,1) | C62: =B62+C60 -> #VALUE! | E62: =INDEX(E$1:E$51,ROUNDDOWN(QUOTIENT(2*ROW()+1,4),0)-19,1) -> 165 | F62: =INDEX(G$1:G$51,ROUNDDOWN(QUOTIENT(2*(ROW()-1)+1,4),0)-19,1) -> 0.014285714 | G62: =F62+G60 -> 0.15714286 | Q62: =INDEX(Q$1:Q$31,ROUNDDOWN(QUOTIENT(2*ROW()+1,4),0)-9,1) | R62: =INDEX(S$1:S$31,ROUNDDOWN(QUOTIENT(2*(ROW()-1)+1,4),0)-9,1) | S62: =R62+S60 -> #VALUE! | U62: =INDEX(U$1:U$51,ROUNDDOWN(QUOTIENT(2*ROW()+1,4),0)-19,1) -> 168 | V62: =INDEX(W$1:W$51,ROUNDDOWN(QUOTIENT(2*(ROW()-1)+1,4),0)-19,1) -> 0.024390244 | W62: =V62+W60 -> 0.2195122 | AG62: =INDEX(AG$1:AG$31,ROUNDDOWN(QUOTIENT(2*ROW()+1,4),0)-9,1) | AH62: =INDEX(AI$1:AI$31,ROUNDDOWN(QUOTIENT(2*(ROW()-1)+1,4),0)-9,1) | AI62: =AH62+AI60 -> #VALUE! | AK62: =INDEX(AK$1:AK$51,ROUNDDOWN(QUOTIENT(2*ROW()+1,4),0)-19,1) -> 175 | AL62: =INDEX(AM$1:AM$51,ROUNDDOWN(QUOTIENT(2*(ROW()-1)+1,4),0)-19,1) -> 0.034482759 | AM62: =AL62+AM60 -> 0.27586207
A63: =INDEX(A$1:A$31,ROUNDDOWN(QUOTIENT(2*ROW()+1,4),0)-9,1) | B63: =INDEX(C$1:C$31,ROUNDDOWN(QUOTIENT(2*(ROW()-1)+1,4),0)-9,1) | C63: =B63+C62 -> #VALUE! | E63: =INDEX(E$1:E$51,ROUNDDOWN(QUOTIENT(2*ROW()+1,4),0)-19,1) -> 165 | F63: =INDEX(G$1:G$51,ROUNDDOWN(QUOTIENT(2*(ROW()-1)+1,4),0)-19,1) -> 0.042857143 | G63: =F63+G62 -> 0.2 | Q63: =INDEX(Q$1:Q$31,ROUNDDOWN(QUOTIENT(2*ROW()+1,4),0)-9,1) | R63: =INDEX(S$1:S$31,ROUNDDOWN(QUOTIENT(2*(ROW()-1)+1,4),0)-9,1) | S63: =R63+S62 -> #VALUE! | U63: =INDEX(U$1:U$51,ROUNDDOWN(QUOTIENT(2*ROW()+1,4),0)-19,1) -> 168 | V63: =INDEX(W$1:W$51,ROUNDDOWN(QUOTIENT(2*(ROW()-1)+1,4),0)-19,1) -> 0.024390244 | W63: =V63+W62 -> 0.24390244 | AG63: =INDEX(AG$1:AG$31,ROUNDDOWN(QUOTIENT(2*ROW()+1,4),0)-9,1) | AH63: =INDEX(AI$1:AI$31,ROUNDDOWN(QUOTIENT(2*(ROW()-1)+1,4),0)-9,1) | AI63: =AH63+AI62 -> #VALUE! | AK63: =INDEX(AK$1:AK$51,ROUNDDOWN(QUOTIENT(2*ROW()+1,4),0)-19,1) -> 175 | AL63: =INDEX(AM$1:AM$51,ROUNDDOWN(QUOTIENT(2*(ROW()-1)+1,4),0)-19,1) -> 0.034482759 | AM63: =AL63+AM62 -> 0.31034483
A64: =INDEX(A$1:A$31,ROUNDDOWN(QUOTIENT(2*ROW()+1,4),0)-9,1) | B64: =INDEX(C$1:C$31,ROUNDDOWN(QUOTIENT(2*(ROW()-1)+1,4),0)-9,1) | C64: =B64+C62 -> #VALUE! | E64: =INDEX(E$1:E$51,ROUNDDOWN(QUOTIENT(2*ROW()+1,4),0)-19,1) -> 168 | F64: =INDEX(G$1:G$51,ROUNDDOWN(QUOTIENT(2*(ROW()-1)+1,4),0)-19,1) -> 0.042857143 | G64: =F64+G62 -> 0.2 | Q64: =INDEX(Q$1:Q$31,ROUNDDOWN(QUOTIENT(2*ROW()+1,4),0)-9,1) | R64: =INDEX(S$1:S$31,ROUNDDOWN(QUOTIENT(2*(ROW()-1)+1,4),0)-9,1) | S64: =R64+S62 -> #VALUE! | U64: =INDEX(U$1:U$51,ROUNDDOWN(QUOTIENT(2*ROW()+1,4),0)-19,1) -> 169 | V64: =INDEX(W$1:W$51,ROUNDDOWN(QUOTIENT(2*(ROW()-1)+1,4),0)-19,1) -> 0.024390244 | W64: =V64+W62 -> 0.24390244 | AG64: =INDEX(AG$1:AG$31,ROUNDDOWN(QUOTIENT(2*ROW()+1,4),0)-9,1) | AH64: =INDEX(AI$1:AI$31,ROUNDDOWN(QUOTIENT(2*(ROW()-1)+1,4),0)-9,1) | AI64: =AH64+AI62 -> #VALUE! | AK64: =INDEX(AK$1:AK$51,ROUNDDOWN(QUOTIENT(2*ROW()+1,4),0)-19,1) -> 176 | AL64: =INDEX(AM$1:AM$51,ROUNDDOWN(QUOTIENT(2*(ROW()-1)+1,4),0)-19,1) -> 0.034482759 | AM64: =AL64+AM62 -> 0.31034483
A65: =INDEX(A$1:A$31,ROUNDDOWN(QUOTIENT(2*ROW()+1,4),0)-9,1) | B65: =INDEX(C$1:C$31,ROUNDDOWN(QUOTIENT(2*(ROW()-1)+1,4),0)-9,1) | C65: =B65+C64 -> #VALUE! | E65: =INDEX(E$1:E$51,ROUNDDOWN(QUOTIENT(2*ROW()+1,4),0)-19,1) -> 168 | F65: =INDEX(G$1:G$51,ROUNDDOWN(QUOTIENT(2*(ROW()-1)+1,4),0)-19,1) -> 0.014285714 | G65: =F65+G64 -> 0.21428571 | Q65: =INDEX(Q$1:Q$31,ROUNDDOWN(QUOTIENT(2*ROW()+1,4),0)-9,1) | R65: =INDEX(S$1:S$31,ROUNDDOWN(QUOTIENT(2*(ROW()-1)+1,4),0)-9,1) | S65: =R65+S64 -> #VALUE! | U65: =INDEX(U$1:U$51,ROUNDDOWN(QUOTIENT(2*ROW()+1,4),0)-19,1) -> 169 | V65: =INDEX(W$1:W$51,ROUNDDOWN(QUOTIENT(2*(ROW()-1)+1,4),0)-19,1) -> 0.024390244 | W65: =V65+W64 -> 0.26829268 | AG65: =INDEX(AG$1:AG$31,ROUNDDOWN(QUOTIENT(2*ROW()+1,4),0)-9,1) | AH65: =INDEX(AI$1:AI$31,ROUNDDOWN(QUOTIENT(2*(ROW()-1)+1,4),0)-9,1) | AI65: =AH65+AI64 -> #VALUE! | AK65: =INDEX(AK$1:AK$51,ROUNDDOWN(QUOTIENT(2*ROW()+1,4),0)-19,1) -> 176 | AL65: =INDEX(AM$1:AM$51,ROUNDDOWN(QUOTIENT(2*(ROW()-1)+1,4),0)-19,1) -> 0.17241379 | AM65: =AL65+AM64 -> 0.48275862
A66: =INDEX(A$1:A$31,ROUNDDOWN(QUOTIENT(2*ROW()+1,4),0)-9,1) | B66: =INDEX(C$1:C$31,ROUNDDOWN(QUOTIENT(2*(ROW()-1)+1,4),0)-9,1) | C66: =B66+C64 -> #VALUE! | E66: =INDEX(E$1:E$51,ROUNDDOWN(QUOTIENT(2*ROW()+1,4),0)-19,1) -> 169 | F66: =INDEX(G$1:G$51,ROUNDDOWN(QUOTIENT(2*(ROW()-1)+1,4),0)-19,1) -> 0.014285714 | G66: =F66+G64 -> 0.21428571 | Q66: =INDEX(Q$1:Q$31,ROUNDDOWN(QUOTIENT(2*ROW()+1,4),0)-9,1) | R66: =INDEX(S$1:S$31,ROUNDDOWN(QUOTIENT(2*(ROW()-1)+1,4),0)-9,1) | S66: =R66+S64 -> #VALUE! | U66: =INDEX(U$1:U$51,ROUNDDOWN(QUOTIENT(2*ROW()+1,4),0)-19,1) -> 170 | V66: =INDEX(W$1:W$51,ROUNDDOWN(QUOTIENT(2*(ROW()-1)+1,4),0)-19,1) -> 0.024390244 | W66: =V66+W64 -> 0.26829268 | AG66: =INDEX(AG$1:AG$31,ROUNDDOWN(QUOTIENT(2*ROW()+1,4),0)-9,1) | AH66: =INDEX(AI$1:AI$31,ROUNDDOWN(QUOTIENT(2*(ROW()-1)+1,4),0)-9,1) | AI66: =AH66+AI64 -> #VALUE! | AK66: =INDEX(AK$1:AK$51,ROUNDDOWN(QUOTIENT(2*ROW()+1,4),0)-19,1) -> 178 | AL66: =INDEX(AM$1:AM$51,ROUNDDOWN(QUOTIENT(2*(ROW()-1)+1,4),0)-19,1) -> 0.17241379 | AM66: =AL66+AM64 -> 0.48275862
A67: =INDEX(A$1:A$31,ROUNDDOWN(QUOTIENT(2*ROW()+1,4),0)-9,1) | B67: =INDEX(C$1:C$31,ROUNDDOWN(QUOTIENT(2*(ROW()-1)+1,4),0)-9,1) | C67: =B67+C66 -> #VALUE! | E67: =INDEX(E$1:E$51,ROUNDDOWN(QUOTIENT(2*ROW()+1,4),0)-19,1) -> 169 | F67: =INDEX(G$1:G$51,ROUNDDOWN(QUOTIENT(2*(ROW()-1)+1,4),0)-19,1) -> 0.014285714 | G67: =F67+G66 -> 0.22857143 | Q67: =INDEX(Q$1:Q$31,ROUNDDOWN(QUOTIENT(2*ROW()+1,4),0)-9,1) | R67: =INDEX(S$1:S$31,ROUNDDOWN(QUOTIENT(2*(ROW()-1)+1,4),0)-9,1) | S67: =R67+S66 -> #VALUE! | U67: =INDEX(U$1:U$51,ROUNDDOWN(QUOTIENT(2*ROW()+1,4),0)-19,1) -> 170 | V67: =INDEX(W$1:W$51,ROUNDDOWN(QUOTIENT(2*(ROW()-1)+1,4),0)-19,1) -> 0.12195122 | W67: =V67+W66 -> 0.3902439 | AG67: =INDEX(AG$1:AG$31,ROUNDDOWN(QUOTIENT(2*ROW()+1,4),0)-9,1) | AH67: =INDEX(AI$1:AI$31,ROUNDDOWN(QUOTIENT(2*(ROW()-1)+1,4),0)-9,1) | AI67: =AH67+AI66 -> #VALUE! | AK67: =INDEX(AK$1:AK$51,ROUNDDOWN(QUOTIENT(2*ROW()+1,4),0)-19,1) -> 178 | AL67: =INDEX(AM$1:AM$51,ROUNDDOWN(QUOTIENT(2*(ROW()-1)+1,4),0)-19,1) -> 0.068965517 | AM67: =AL67+AM66 -> 0.55172414
A68: =INDEX(A$1:A$31,ROUNDDOWN(QUOTIENT(2*ROW()+1,4),0)-9,1) | B68: =INDEX(C$1:C$31,ROUNDDOWN(QUOTIENT(2*(ROW()-1)+1,4),0)-9,1) | C68: =B68+C66 -> #VALUE! | E68: =INDEX(E$1:E$51,ROUNDDOWN(QUOTIENT(2*ROW()+1,4),0)-19,1) -> 170 | F68: =INDEX(G$1:G$51,ROUNDDOWN(QUOTIENT(2*(ROW()-1)+1,4),0)-19,1) -> 0.014285714 | G68: =F68+G66 -> 0.22857143 | Q68: =INDEX(Q$1:Q$31,ROUNDDOWN(QUOTIENT(2*ROW()+1,4),0)-9,1) | R68: =INDEX(S$1:S$31,ROUNDDOWN(QUOTIENT(2*(ROW()-1)+1,4),0)-9,1) | S68: =R68+S66 -> #VALUE! | U68: =INDEX(U$1:U$51,ROUNDDOWN(QUOTIENT(2*ROW()+1,4),0)-19,1) -> 171 | V68: =INDEX(W$1:W$51,ROUNDDOWN(QUOTIENT(2*(ROW()-1)+1,4),0)-19,1) -> 0.12195122 | W68: =V68+W66 -> 0.3902439 | AG68: =INDEX(AG$1:AG$31,ROUNDDOWN(QUOTIENT(2*ROW()+1,4),0)-9,1) | AH68: =INDEX(AI$1:AI$31,ROUNDDOWN(QUOTIENT(2*(ROW()-1)+1,4),0)-9,1) | AI68: =AH68+AI66 -> #VALUE! | AK68: =INDEX(AK$1:AK$51,ROUNDDOWN(QUOTIENT(2*ROW()+1,4),0)-19,1) -> 180 | AL68: =INDEX(AM$1:AM$51,ROUNDDOWN(QUOTIENT(2*(ROW()-1)+1,4),0)-19,1) -> 0.068965517 | AM68: =AL68+AM66 -> 0.55172414
A69: =INDEX(A$1:A$31,ROUNDDOWN(QUOTIENT(2*ROW()+1,4),0)-9,1) | B69: =INDEX(C$1:C$31,ROUNDDOWN(QUOTIENT(2*(ROW()-1)+1,4),0)-9,1) | C69: =B69+C68 -> #VALUE! | E69: =INDEX(E$1:E$51,ROUNDDOWN(QUOTIENT(2*ROW()+1,4),0)-19,1) -> 170 | F69: =INDEX(G$1:G$51,ROUNDDOWN(QUOTIENT(2*(ROW()-1)+1,4),0)-19,1) -> 0.1 | G69: =F69+G68 -> 0.32857143 | Q69: =INDEX(Q$1:Q$31,ROUNDDOWN(QUOTIENT(2*ROW()+1,4),0)-9,1) | R69: =INDEX(S$1:S$31,ROUNDDOWN(QUOTIENT(2*(ROW()-1)+1,4),0)-9,1) | S69: =R69+S68 -> #VALUE! | U69: =INDEX(U$1:U$51,ROUNDDOWN(QUOTIENT(2*ROW()+1,4),0)-19,1) -> 171 | V69: =INDEX(W$1:W$51,ROUNDDOWN(QUOTIENT(2*(ROW()-1)+1,4),0)-19,1) -> 0.024390244 | W69: =V69+W68 -> 0.41463415 | AG69: =INDEX(AG$1:AG$31,ROUNDDOWN(QUOTIENT(2*ROW()+1,4),0)-9,1) | AH69: =INDEX(AI$1:AI$31,ROUNDDOWN(QUOTIENT(2*(ROW()-1)+1,4),0)-9,1) | AI69: =AH69+AI68 -> #VALUE! | AK69: =INDEX(AK$1:AK$51,ROUNDDOWN(QUOTIENT(2*ROW()+1,4),0)-19,1) -> 180 | AL69: =INDEX(AM$1:AM$51,ROUNDDOWN(QUOTIENT(2*(ROW()-1)+1,4),0)-19,1) -> 0.034482759 | AM69: =AL69+AM68 -> 0.5862069
A70: =INDEX(A$1:A$31,ROUNDDOWN(QUOTIENT(2*ROW()+1,4),0)-9,1) | B70: =INDEX(C$1:C$31,ROUNDDOWN(QUOTIENT(2*(ROW()-1)+1,4),0)-9,1) | C70: =B70+C68 -> #VALUE! | E70: =INDEX(E$1:E$51,ROUNDDOWN(QUOTIENT(2*ROW()+1,4),0)-19,1) -> 171 | F70: =INDEX(G$1:G$51,ROUNDDOWN(QUOTIENT(2*(ROW()-1)+1,4),0)-19,1) -> 0.1 | G70: =F70+G68 -> 0.32857143 | Q70: =INDEX(Q$1:Q$31,ROUNDDOWN(QUOTIENT(2*ROW()+1,4),0)-9,1) | R70: =INDEX(S$1:S$31,ROUNDDOWN(QUOTIENT(2*(ROW()-1)+1,4),0)-9,1) | S70: =R70+S68 -> #VALUE! | U70: =INDEX(U$1:U$51,ROUNDDOWN(QUOTIENT(2*ROW()+1,4),0)-19,1) -> 172 | V70: =INDEX(W$1:W$51,ROUNDDOWN(QUOTIENT(2*(ROW()-1)+1,4),0)-19,1) -> 0.024390244 | W70: =V70+W68 -> 0.41463415 | AG70: =INDEX(AG$1:AG$31,ROUNDDOWN(QUOTIENT(2*ROW()+1,4),0)-9,1) | AH70: =INDEX(AI$1:AI$31,ROUNDDOWN(QUOTIENT(2*(ROW()-1)+1,4),0)-9,1) | AI70: =AH70+AI68 -> #VALUE! | AK70: =INDEX(AK$1:AK$51,ROUNDDOWN(QUOTIENT(2*ROW()+1,4),0)-19,1) -> 182 | AL70: =INDEX(AM$1:AM$51,ROUNDDOWN(QUOTIENT(2*(ROW()-1)+1,4),0)-19,1) -> 0.034482759 | AM70: =AL70+AM68 -> 0.5862069
